Workbook

Sheet OIC Function  List
I1: Phase1: Now~2022/12/31
B2: * Cowin MES(OIC) Function List (Scope定义) | I2: Phase2: 2023/1/1~2023/3/31
B3: Level 1 | C3: Level 2 | D3: NO | E3: Level 3 | F3: 模块 | G3: 重点关注 | H3: 功能确定 | I3: Phase | J3: 参考系统 | K3: 参考UI | L3: 有无 | M3: 接口 | U3: 界面说明 | V3: 功能构建 | Z3: 设计通过 | AA3: 设计评审计划 | AD3: 第一轮 | AN3: 第二轮 | AX3: 代码检查
M4: ERP | N4: EAP | O4: MCS | P4: RTD | Q4: RMS | R4: FDC | S4: R2R | T4: Fab | V4: 责任人 | W4: 开发人 | X4: 开发地 | Y4: 完成 | AA4: Plan | AB4: Act | AC4: 评审人员 | AD4: 测试完成 | AE4: 改善完成 | AF4: 测试通过 | AG4: 开发改善 Day | AH4: PlanStart | AI4: PlanEnd | AJ4: ActDays | AK4: ActStart | AL4: ActEnd | AM4: 开发者 | AN4: 测试完成 | AO4: 改善完成 | AP4: 测试通过 | AQ4: 开发改善 Day | AR4: PlanStart | AS4: PlanEnd | AT4: ActDays | AU4: ActStart | AV4: ActEnd | AW4: 开发者 | AX4: 检查人 | AY4: 检修计划 | AZ4: 完成
B5: Main | C5: Main | D5: =ROW()-4 -> 1 | E5: Main WIP（View Lot） | F5: Main | H5: 确定 | I5: Phase1 | J5: AMAT | K5: 主页 | L5: 有 | U5: 非 PHOTO, Sorter 机台的 Machine , Lot 监控及操作 | V5: 申克楠 | W5: 常刘勺 | X5: 苏州
B6: Carrier Mgt | D6: =ROW()-4 -> 2 | E6: Add Carrier Comment | F6: Carrier | G6: 非重点 | H6: 确定 | I6: Phase1 | J6: AMAT | K6: Add Carrier Comment | L6: 无 | U6: 添加Carrier Comment | V6: 杨金杰 | W6: 郭天娇 | X6: 无锡 | AA6: 44852 | AG6: 2 | AH6: =AA6+1 -> 44853 | AI6: =AH6+AG6 -> 44855
D7: =ROW()-4 -> 3 | E7: Cancel Clean | F7: Carrier | G7: 重点 | H7: 确定 | I7: Phase1 | J7: AMAT | L7: 无 | U7: Cancel Set Clean,Cancel Start Clean | V7: 杨金杰 | W7: 郭天娇 | X7: 无锡 | AA7: 44858 | AG7: 3 | AH7: =AI22+1 -> 44862 | AI7: =AH7+AG7 -> 44865
D8: =ROW()-4 -> 4 | E8: Cancel Inspection | F8: Carrier | G8: 重点 | H8: 确定 | I8: Phase1 | J8: AMAT | L8: 无 | U8: Cacel Set Inspetion | V8: 杨金杰 | W8: 郭天娇 | X8: 无锡 | AA8: 44872 | AG8: 3 | AH8: =AA8+1 -> 44873 | AI8: =AH8+AG8 -> 44876
D9: =ROW()-4 -> 5 | E9: Carrier Data Collection | F9: Carrier | J9: AMAT | L9: 无 | V9: 李彬
D10: =ROW()-4 -> 6 | E10: Disposal/Undo Disposal | F10: Carrier | G10: 次重点 | H10: 确定 | I10: Phase1 | J10: AMAT | L10: 无 | U10: Set Disposal之后的 处置,和Cancel 处置Carrier的动作 | V10: 杨金杰 | W10: 郭天娇 | X10: 无锡 | AA10: 44865 | AG10: 3 | AH10: =AA10+1 -> 44866 | AI10: =AH10+AG10 -> 44869
D11: =ROW()-4 -> 7 | E11: Inspection Flow Control | F11: Carrier | J11: AMAT | L11: 无 | V11: 杨金杰 | W11: 郭天娇 | X11: 无锡
D12: =ROW()-4 -> 8 | E12: Start/End Inspection | F12: Carrier | G12: 重点 | H12: 确定 | I12: Phase1 | J12: AMAT | L12: 无 | U12: 开始Carrier 量测，结束Carrier量测 | V12: 杨金杰 | W12: 郭天娇 | X12: 无锡 | AA12: 44872 | AG12: 3 | AH12: =AA12+1 -> 44873 | AI12: =AH12+AG12 -> 44876
D13: =ROW()-4 -> 9 | E13: Repair FOUP | F13: Carrier | G13: 次重点 | H13: 确定 | I13: Phase1 | J13: AMAT | L13: 无 | U13: 修理FOUP | V13: 杨金杰 | W13: 郭天娇 | X13: 无锡 | AA13: 44865 | AG13: 3 | AH13: =AA13+1 -> 44866 | AI13: =AH13+AG13 -> 44869
D14: =ROW()-4 -> 10 | E14: Reserve Target Carrier | F14: Carrier | G14: 重点 | H14: 确定 | I14: Phase1 | J14: AMAT | K14: Reserve Target Carrier | L14: 无 | U14: 预约Carrier,防止其他用途使用 | V14: 杨金杰 | W14: 郭天娇 | X14: 无锡 | Y14: 完成 | AG14: 3 | AH14: =AA14+1 -> 1 | AI14: =AH14+AG14 -> 4
D15: =ROW()-4 -> 11 | E15: Set Disposal/Cancel Disposal | F15: Carrier | G15: 次重点 | H15: 确定 | I15: Phase1 | J15: AMAT | L15: 无 | U15: Repair/Scrap之前的设定处置,和Cancel 设定 处置Carrier的动作 | V15: 杨金杰 | W15: 郭天娇 | X15: 无锡 | AA15: 44865 | AG15: 3 | AH15: =AA15+1 -> 44866 | AI15: =AH15+AG15 -> 44869
D16: =ROW()-4 -> 12 | E16: Set Clean | F16: Carrier | G16: 重点 | H16: 确定 | I16: Phase1 | J16: AMAT | L16: 无 | U16: 设定Clean | V16: 杨金杰 | W16: 郭天娇 | X16: 无锡 | AA16: 44858 | AG16: 3 | AH16: =AI7+1 -> 44866 | AI16: =AH16+AG16 -> 44869
D17: =ROW()-4 -> 13 | E17: Set Inspection | F17: Carrier | G17: 重点 | H17: 确定 | I17: Phase1 | J17: AMAT | L17: 无 | U17: 设定Carrier Inspecton | V17: 杨金杰 | W17: 郭天娇 | X17: 无锡 | AA17: 44872 | AG17: 3 | AH17: =AA17+1 -> 44873 | AI17: =AH17+AG17 -> 44876
D18: =ROW()-4 -> 14 | E18: Special Transfer Lot | F18: Carrier | J18: AMAT | L18: 无 | U18: 特殊Transfer Lot处理 | V18: 杨金杰 | W18: 郭天娇 | X18: 无锡
D19: =ROW()-4 -> 15 | E19: Start/End Clean | F19: Carrier | G19: 重点 | H19: 确定 | I19: Phase1 | J19: AMAT | L19: 无 | U19: 开始Carrier Clean,结束Carrier Clean | V19: 杨金杰 | W19: 郭天娇 | X19: 无锡 | AA19: 44858 | AG19: 3 | AH19: =AI16+1 -> 44870 | AI19: =AH19+AG19 -> 44873
D20: =ROW()-4 -> 16 | E20: Update Carrier Component | F20: Carrier | J20: AMAT | L20: 无 | U20: 更新Carrier组件(?) | V20: 杨金杰 | W20: 郭天娇 | X20: 无锡
C21: View Carrier Info | D21: =ROW()-4 -> 17 | E21: View Carrier Cleaning History | F21: Carrier | G21: 次重点 | H21: 确定 | I21: Phase1 | J21: AMAT | L21: 无 | U21: 查询Carrier Cleaning 历史记录 | V21: 杨金杰 | W21: 郭天娇 | X21: 无锡 | AA21: 44852 | AG21: 2 | AH21: =AI6+1 -> 44856 | AI21: =AH21+AG21 -> 44858
C22: View Carrier Info | D22: =ROW()-4 -> 18 | E22: View Carrier Cycle | F22: Carrier | G22: 次重点 | H22: 确定 | I22: Phase1 | J22: AMAT | L22: 无 | U22: 查询Carrie Cycle现况 | V22: 杨金杰 | W22: 郭天娇 | X22: 无锡 | AA22: 44852 | AG22: 2 | AH22: =AI21+1 -> 44859 | AI22: =AH22+AG22 -> 44861
B23: Eqp Mgt | D23: =ROW()-4 -> 19 | E23: Buffer Tool Physical Foup Maintain | F23: Machine | J23: AMAT | L23: 无 | U23: 管理Buffer的FOUP | V23: 杨金杰 | W23: 王哲 | X23: 无锡
C24: One Key Touch | D24: =ROW()-4 -> 20 | E24: Control Action History | F24: Machine | J24: AMAT | L24: 无 | V24: 杨金杰 | W24: 王哲 | X24: 无锡
D25: =ROW()-4 -> 21 | E25: Customize EQP Information | F25: Machine | J25: AMAT | L25: 无 | V25: 杨金杰 | W25: 王哲 | X25: 无锡
D26: =ROW()-4 -> 22 | E26: Delete Chamber Current Lots | F26: Machine | G26: 次重点 | H26: 确定 | I26: Phase1 | J26: AMAT | L26: 无 | U26: 删除掉chamber的Current Lot | V26: 杨金杰 | W26: 王哲 | X26: 无锡 | AA26: 44866 | AG26: 3 | AH26: =AA26+1 -> 44867 | AI26: =AH26+AG26 -> 44870
D27: =ROW()-4 -> 23 | E27: Equipment Couple Port | F27: Machine | G27: 重点 | H27: 确定 | I27: Phase1 | J27: AMAT | L27: 无 | U27: Machine Couple Port | V27: 杨金杰 | W27: 王哲 | X27: 无锡 | AA27: 44873 | AG27: 3 | AH27: =AA27+1 -> 44874 | AI27: =AH27+AG27 -> 44877
D28: =ROW()-4 -> 24 | E28: EQP Manual Process Configuration | F28: Machine | J28: AMAT | L28: 无 | V28: 杨金杰 | W28: 王哲 | X28: 无锡
D29: =ROW()-4 -> 25 | E29: MFG Eqp Security Control Maintenance | F29: Machine | J29: AMAT | L29: 无 | V29: 杨金杰 | W29: 王哲 | X29: 无锡
D30: =ROW()-4 -> 26 | E30: Modify Equipment Attribute | F30: Machine | G30: 重点 | H30: 确定 | I30: Phase1 | J30: AMAT | L30: 无 | U30: Modify机台属性 | V30: 杨金杰 | W30: 王哲 | X30: 无锡 | AA30: 44873 | AG30: 3 | AH30: =AA30+1 -> 44874 | AI30: =AH30+AG30 -> 44877
D31: =ROW()-4 -> 27 | E31: Modify Eqp Chamber Run Count | F31: Machine | G31: 次重点 | H31: 确定 | I31: Phase1 | J31: AMAT | L31: 无 | U31: Modify Chamber进行中的Lot | V31: 杨金杰 | W31: 王哲 | X31: 无锡 | AA31: 44866 | AG31: 3 | AH31: =AA31+1 -> 44867 | AI31: =AH31+AG31 -> 44870
D32: =ROW()-4 -> 28 | E32: Modify Equipment Current Lots | F32: Machine | G32: 次重点 | H32: 确定 | I32: Phase1 | J32: AMAT | L32: 无 | U32: Modify机台进行中的Lot | V32: 杨金杰 | W32: 王哲 | X32: 无锡 | AA32: 44866 | AG32: 3 | AH32: =AA32+1 -> 44867 | AI32: =AH32+AG32 -> 44870
D33: =ROW()-4 -> 29 | E33: Set Equipment Capability | F33: Machine | G33: 次重点 | H33: 确定 | I33: Phase1 | J33: AMAT | L33: 无 | U33: 设定机台的Capability | V33: 杨金杰 | W33: 王哲 | X33: 无锡 | AA33: 44859 | AG33: 3 | AH33: =AA33+1 -> 44860 | AI33: =AH33+AG33 -> 44863
C34: One Key Touch | D34: =ROW()-4 -> 30 | E34: One Key Touch | F34: Machine | J34: AMAT | L34: 无 | V34: 杨金杰 | W34: 王哲 | X34: 无锡
C35: One Key Touch | D35: =ROW()-4 -> 31 | E35: One Key Touch Detail History | F35: Machine | J35: AMAT | L35: 无 | V35: 杨金杰 | W35: 王哲 | X35: 无锡
C36: One Key Touch | D36: =ROW()-4 -> 32 | E36: Power Source Setup | F36: Machine | J36: AMAT | L36: 无 | V36: 杨金杰 | W36: 王哲 | X36: 无锡
C37: One Key Touch | D37: =ROW()-4 -> 33 | E37: Power Source Setup History | F37: Machine | J37: AMAT | L37: 无 | V37: 杨金杰 | W37: 王哲 | X37: 无锡
D38: =ROW()-4 -> 34 | E38: Reticle Equipment Process History | F38: Machine | G38: 次重点 | H38: 确定 | I38: Phase1 | J38: AMAT | L38: 无 | U38: Reticle Process机台的历史记录 | V38: 杨金杰 | W38: 王哲 | X38: 无锡 | AA38: 44859 | AG38: 3 | AH38: =AA38+1 -> 44860 | AI38: =AH38+AG38 -> 44863
D39: =ROW()-4 -> 35 | E39: Set Chamber Capability | F39: Machine | G39: 次重点 | H39: 确定 | I39: Phase1 | J39: AMAT | L39: 无 | U39: 设定Chamber的Capability | V39: 杨金杰 | W39: 王哲 | X39: 无锡 | AA39: 44859 | AG39: 3 | AH39: =AA39+1 -> 44860 | AI39: =AH39+AG39 -> 44863
C40: Tank Control | D40: =ROW()-4 -> 36 | E40: Tank Count Info | F40: Machine | I40: Phase2 | J40: AMAT | L40: 无 | V40: 杨金杰 | W40: 王哲 | X40: 无锡
C41: Tank Control | D41: =ROW()-4 -> 37 | E41: Tank OOS History | F41: Machine | I41: Phase2 | J41: AMAT | L41: 无 | V41: 杨金杰 | W41: 王哲 | X41: 无锡
C42: Tank Control | D42: =ROW()-4 -> 38 | E42: Tank Running History | F42: Machine | I42: Phase2 | J42: AMAT | L42: 无 | V42: 杨金杰 | W42: 王哲 | X42: 无锡
D43: =ROW()-4 -> 39 | E43: Tool Recovery Control System | F43: Machine | I43: Phase2 | J43: AMAT | L43: 无 | V43: 杨金杰 | W43: 王哲 | X43: 无锡
D44: =ROW()-4 -> 40 | E44: Tool Recovery Package Setup | F44: Machine | I44: Phase2 | J44: AMAT | L44: 无 | V44: 杨金杰 | W44: 王哲 | X44: 无锡
C45: Tank Control | D45: =ROW()-4 -> 41 | E45: Wet Tank Control | F45: Machine | I45: Phase2 | J45: AMAT | L45: 无 | V45: 杨金杰 | W45: 王哲 | X45: 无锡
C46: PMS | D46: =ROW()-4 -> 42 | E46: Arrange PM | F46: Machine | I46: Phase2 | J46: AMAT | L46: 无 | V46: 杨金杰 | W46: 王哲 | X46: 无锡
C47: PMS | D47: =ROW()-4 -> 43 | E47: Conditional PM | F47: Machine | I47: Phase2 | J47: AMAT | L47: 无 | V47: 杨金杰 | W47: 王哲 | X47: 无锡
C48: PMS | D48: =ROW()-4 -> 44 | E48: Trigger Readings | F48: Machine | I48: Phase2 | J48: AMAT | L48: 无 | V48: 杨金杰 | W48: 王哲 | X48: 无锡
C49: PMS | D49: =ROW()-4 -> 45 | E49: Usage Meter | F49: Machine | I49: Phase2 | J49: AMAT | L49: 无 | V49: 杨金杰 | W49: 王哲 | X49: 无锡
C50: Tank Control | D50: =ROW()-4 -> 46 | E50: Tank Count Info | F50: Machine | I50: Phase2 | J50: AMAT | L50: 无 | V50: 杨金杰 | W50: 王哲 | X50: 无锡
C51: Tank Control | D51: =ROW()-4 -> 47 | E51: Tank Running History | F51: Machine | I51: Phase2 | J51: AMAT | L51: 无 | V51: 杨金杰 | W51: 王哲 | X51: 无锡
B52: Lot Mgt | C52: Reassign | D52: =ROW()-4 -> 48 | E52: Change Sales Order | F52: Lot | H52: 未确定 | J52: AMAT | L52: 无 | V52: 罗涛
C53: FeedForward Attribute | D53: =ROW()-4 -> 49 | E53: Copy FeedForward Information | F53: Lot | G53: 次重点 | H53: 确定 | I53: Phase2 | J53: AMAT | K53: Copy FeedForward Information | L53: 无 | U53: 拷贝FeedForward信息 | V53: 罗涛 | W53: 袁浩 | X53: 苏州 | AA53: 44927 | AG53: 3 | AH53: 44928 | AI53: 44930
C54: FeedForward Attribute | D54: =ROW()-4 -> 50 | E54: Delete FeedForward Information | F54: Lot | G54: 次重点 | H54: 确定 | I54: Phase2 | J54: AMAT | K54: Delete FeedForward Information | L54: 无 | U54: 删除FeedForward信息 | V54: 罗涛 | W54: 袁浩 | X54: 苏州 | AA54: 44927 | AG54: 3 | AH54: 44931 | AI54: 44935
D55: =ROW()-4 -> 51 | E55: Modify Lot Attribute For QE | F55: Lot | G55: 非重点 | H55: 确定 | I55: Phase2 | J55: AMAT | L55: 无 | V55: 罗涛 | AA55: 44927
D56: =ROW()-4 -> 52 | E56: Lot Specialization | F56: Lot | G56: 次重点 | H56: 确定 | I56: Phase1 | J56: AMAT | K56: Lot Specialization | L56: 无 | U56: Lot到达指定的站点后使用该配置的新值（EQP, PPID, EDCPlan, Reticle ID, Recipe ID） | V56: 罗涛 | W56: 袁浩 | X56: 苏州 | AA56: 44866 | AG56: 5 | AH56: 44867 | AI56: 44874
C57: FeedForward Attribute | D57: =ROW()-4 -> 53 | E57: Modify FeedForward Information | F57: Lot | G57: 次重点 | H57: 确定 | I57: Phase2 | J57: AMAT | K57: Modify FeedForward Information | L57: 无 | U57: 修改FeedForward信息 | V57: 罗涛 | W57: 袁浩 | X57: 苏州 | AA57: 44927 | AG57: 3 | AH57: 44936 | AI57: 44938
D58: =ROW()-4 -> 54 | E58: Modify Potential Attribute | F58: Lot | H58: 未确定 | J58: AMAT | L58: 无 | V58: 罗涛
D59: =ROW()-4 -> 55 | E59: Maintain RMS Flag | F59: Lot | H59: 未确定 | J59: AMAT | L59: 无 | V59: 罗涛
D60: =ROW()-4 -> 56 | E60: Set Stepper | F60: Lot | G60: 次重点 | H60: 确定 | I60: Phase1 | J60: AMAT | K60: Set Stepper | L60: 无 | U60: 为Litho站点修改stepper | V60: 罗涛 | W60: 袁浩 | X60: 苏州 | AA60: 44866
D61: =ROW()-4 -> 57 | E61: Undo Finish | F61: Lot | G61: 重点 | H61: 确定 | I61: Phase1 | J61: AMAT | K61: Undo Finish | L61: 无 | U61: 将finished lot reassign到指定站点 | V61: 罗涛 | W61: 袁浩 | X61: 苏州 | AA61: 44866
D62: =ROW()-4 -> 58 | E62: Choose Alter Step | F62: Lot | H62: 未确定 | J62: AMAT | L62: 无 | V62: 罗涛
C63: MixRun | D63: =ROW()-4 -> 59 | E63: View Mix Run Status | F63: Lot | H63: 未确定 | J63: AMAT | L63: 无 | V63: 罗涛
C64: Auto YE Review Wafer Selection Config | D64: =ROW()-4 -> 60 | E64: Wafer Selection History For Auto YE Review | F64: Wafer Selection | J64: AMAT | L64: 无 | V64: 申克楠
C65: Auto YE Review Wafer Selection Config | D65: =ROW()-4 -> 61 | E65: Update Wafer List Of YE Review | F65: Wafer Selection | J65: AMAT | L65: 无 | V65: 申克楠
C66: Auto YE Review Wafer Selection Config | D66: =ROW()-4 -> 62 | E66: Setting By Capability | F66: Wafer Selection | J66: AMAT | L66: 无 | V66: 申克楠
C67: Auto YE Review Wafer Selection Config | D67: =ROW()-4 -> 63 | E67: Setting By Product | F67: Wafer Selection | J67: AMAT | L67: 无 | V67: 申克楠
C68: Wafer Randomization | D68: =ROW()-4 -> 64 | E68: Adhoc Recover | F68: Lot | H68: 未确定 | J68: AMAT | L68: 无 | V68: 罗涛
C69: Reposition | D69: =ROW()-4 -> 65 | E69: Back Up Step | F69: Lot | G69: 次重点 | H69: 确定 | I69: Phase1 | J69: AMAT | K69: Back Up Step | L69: 无 | U69: 返回上一站 | V69: 罗涛 | W69: 袁浩 | X69: 苏州 | AA69: 44866 | AG69: 3 | AH69: 44875 | AI69: 44879
C70: Wafer Randomization | D70: =ROW()-4 -> 66 | E70: Config Random Recipe | F70: Lot | H70: 未确定 | J70: AMAT | L70: 无 | V70: 罗涛
C71: Wafer Randomization | D71: =ROW()-4 -> 67 | E71: Lot Random History | F71: Lot | H71: 未确定 | J71: AMAT | L71: 无 | V71: 罗涛
C72: Doma Management | D72: =ROW()-4 -> 68 | E72: Doma Path Config History | F72: Lot | H72: 未确定 | J72: AMAT | L72: 无 | V72: 罗涛
C73: Doma Management | D73: =ROW()-4 -> 69 | E73: Doma Path Maintain | F73: Lot | H73: 未确定 | J73: AMAT | L73: 无 | V73: 罗涛
C74: Doma Management | D74: =ROW()-4 -> 70 | E74: Doma Path Setting | F74: Lot | H74: 未确定 | J74: AMAT | L74: 无 | V74: 罗涛
C75: Doma Management | D75: =ROW()-4 -> 71 | E75: DOMA RCD History | F75: Lot | H75: 未确定 | J75: AMAT | L75: 无 | V75: 罗涛
C76: Future | D76: =ROW()-4 -> 72 | E76: Future Hold By Customer | F76: Lot | G76: 次重点 | H76: 确定 | I76: Phase1 | J76: AMAT | K76: Future Hold By Customer | L76: 无 | U76: 适应客户定制的reason code设置future hold | V76: 罗涛 | W76: 袁浩 | X76: 苏州 | AA76: 44866 | AG76: 2 | AH76: 44880 | AI76: 44881
C77: Future | D77: =ROW()-4 -> 73 | E77: Set Future Hold Step Group | F77: Lot | H77: 确定 | I77: Phase1 | J77: AMAT | K77: Set Future Hold Step Group | L77: 无 | V77: 罗涛 | W77: 袁浩 | X77: 苏州 | AA77: 44866 | AG77: 2 | AH77: 44882 | AI77: 44883
C78: SML | D78: =ROW()-4 -> 74 | E78: Inline Split For Special Lot | F78: Lot | H78: 确定 | I78: Phase2 | J78: AMAT | L78: 无 | V78: 杨金杰 | W78: 王哲 | X78: 无锡
C79: Doma Management | D79: =ROW()-4 -> 75 | E79: Lot Doma History | F79: Lot | H79: 未确定 | J79: AMAT | L79: 无 | V79: 罗涛
C80: Reposition | D80: =ROW()-4 -> 76 | E80: NPW Reposition | F80: Lot | G80: 次重点 | H80: 确定 | I80: Phase1 | J80: AMAT | L80: 无 | U80: NPW 的reposition | V80: 罗涛 | W80: 袁浩 | X80: 苏州 | AA80: 44866 | AG80: 2 | AH80: 44886 | AI80: 44887
C81: Reposition | D81: =ROW()-4 -> 77 | E81: Production Reposition | F81: Lot | H81: 未确定 | J81: AMAT | L81: 无 | V81: 罗涛
C82: Simple Lot Transfer | D82: =ROW()-4 -> 78 | E82: Cancel Transfer Lot | F82: Lot | G82: 次重点 | H82: 确定 | I82: Phase1 | J82: AMAT | L82: 无 | U82: 取消Transfer lot | V82: 罗涛 | W82: 王华强 | X82: 无锡 | AA82: 44880 | AG82: 3 | AH82: 44881 | AI82: 44883
C83: Simple Carrier Transfer | D83: =ROW()-4 -> 79 | E83: Receive Transfer Carrier | F83: Lot | G83: 次重点 | H83: 确定 | I83: Phase1 | J83: AMAT | L83: 无 | U83: 传送 carrier | V83: 罗涛 | W83: 王华强 | X83: 无锡 | AA83: 44880 | AG83: 5 | AH83: 44886 | AI83: 44890
C84: Simple Carrier Transfer | D84: =ROW()-4 -> 80 | E84: Simple Transfer Carrier | F84: Lot | G84: 次重点 | H84: 确定 | I84: Phase1 | J84: AMAT | L84: 无 | U84: 接受carrier | V84: 罗涛 | W84: 王华强 | X84: 无锡 | AA84: 44880 | AG84: 3 | AH84: 44893 | AI84: 44895
C85: Simple Lot Transfer | D85: =ROW()-4 -> 81 | E85: Receive Plan | F85: Lot | G85: 次重点 | H85: 确定 | I85: Phase2 | J85: AMAT | L85: 无 | V85: 罗涛 | W85: 王华强 | X85: 无锡 | AA85: 44927
C86: Doma Management | D86: =ROW()-4 -> 82 | E86: Unprocessed DOMA Path View | F86: Lot | H86: 未确定 | J86: AMAT | L86: 无 | V86: 罗涛
D87: =ROW()-4 -> 83 | E87: YE Review Spec Configuration | F87: Lot | H87: 未确定 | J87: AMAT | L87: 无 | V87: 罗涛
D88: =ROW()-4 -> 84 | E88: YE Review Special Reposition | F88: Lot | H88: 未确定 | J88: AMAT | L88: 无 | V88: 罗涛
D89: =ROW()-4 -> 85 | E89: YE Select Wafers For Remeasure | F89: Lot | H89: 未确定 | J89: AMAT | L89: 无 | V89: 罗涛
C90: MixRun | D90: =ROW()-4 -> 86 | E90: Mix Run | F90: Lot | H90: 未确定 | J90: AMAT | L90: 无 | V90: 罗涛
C91: Pilot | D91: =ROW()-4 -> 87 | E91: Pilot Full Auto Information Setting | F91: Lot | H91: 未确定 | J91: AMAT | L91: 无 | V91: 罗涛
C92: Pilot | D92: =ROW()-4 -> 88 | E92: Create Adhoc Pilot | F92: Lot | H92: 未确定 | J92: AMAT | L92: 无 | V92: 罗涛
C93: Q'Time Control | D93: =ROW()-4 -> 89 | E93: Cancel Q'Time Reservation | F93: Lot | H93: 确定 | I93: Phase1 | J93: AMAT | L93: 无 | U93: 删除Lot 已经触发的Q-Time | V93: 申克楠 | W93: 王蓬皓 | X93: 苏州 | Y93: 完成
C94: Q'Time Control | D94: =ROW()-4 -> 90 | E94: Turn Off Q'Time Speed Up | F94: Lot | H94: 确定 | I94: Phase1 | J94: AMAT | L94: 无 | U94: 关闭 Q-Time 的Speed Up 开关 | V94: 申克楠 | W94: 王蓬皓 | X94: 苏州 | Y94: 完成
D95: =ROW()-4 -> 91 | E95: Wafer Slot History | F95: Lot | J95: AMAT | L95: 无 | V95: 童海潮
B96: Lot Inventory | C96: Inventory | D96: =ROW()-4 -> 92 | E96: Check Cust Maintain | F96: Inventory | G96: 次重点 | H96: 确定 | I96: Phase1 | J96: AMAT | K96: Check Cust Maintain | L96: 无 | U96: 设置lot auto hold的规则 | V96: 罗涛 | W96: 王华强 | X96: 无锡 | AA96: 44890 | AG96: 5 | AH96: 44896 | AI96: 44903
C97: Inventory | D97: =ROW()-4 -> 93 | E97: Continue | F97: Inventory | G97: 次重点 | H97: 确定 | I97: Phase1 | J97: AMAT | K97: Continue | L97: 无 | U97: move to location的逆操作 | V97: 罗涛 | W97: 王华强 | X97: 无锡 | AA97: 44890 | AG97: 3 | AH97: 44904 | AI97: 44908
C98: Inventory | D98: =ROW()-4 -> 94 | E98: Move To Location | F98: Inventory | G98: 次重点 | H98: 确定 | I98: Phase1 | J98: AMAT | K98: Move To Location | L98: 无 | U98: 将zero layer flow结束的lot，从finished bank移动到start bank | V98: 罗涛 | W98: 王华强 | X98: 无锡 | AA98: 44890 | AG98: 3 | AH98: 44909 | AI98: 44911
B99: WIP Tracking | D99: =ROW()-4 -> 95 | E99: Create Glass Lot | F99: WIP | H99: 未确定 | J99: AMAT | L99: 无 | V99: 罗涛
C100: N2Purge | D100: =ROW()-4 -> 96 | E100: Cancel N2Purge | F100: WIP | H100: 未确定 | J100: AMAT | L100: 无 | V100: 申克楠
...

Sheet Summary
B2: * cvMES Function List R&D Status(对比 300Works Basic Function)
B3: Type | C3: 300Works(Basic) | D3: B2 Funcation(Basic) | E3: 完成 | F3: 完成率
F4: 对比300works | G4: 对比B2 | H4: 完成 | I4: 设计中 | J4: 开发中 | K4: 测试中 | L4: 未推进 | M4: 待确认
B5: Carrier | C5: =SUMIF('cvMES Function List 定义'!$K:$K,$B5,'cvMES Function List 定义'!$B:$B) -> 29 | D5: =SUMIF('cvMES Function List 定义'!$K:$K,$B5,'cvMES Function List 定义'!$C:$C) -> 0 | E5: =COUNTIFS('cvMES Function List 定义'!$K:$K,$B5,'cvMES Function List 定义'!L:L,$H$4) -> 18 | F5: =IF(ISERROR(E5/C5),"",E5/C5) -> 0.62068966 | G5: =E5/D5 -> #DIV/0! | H5: =SUMIFS('cvMES Function List 定义'!$D:$D,'cvMES Function List 定义'!$K:$K,$B5,'cvMES Function List 定义'!$L:$L,H$4) -> 18 | I5: =SUMIFS('cvMES Function List 定义'!$D:$D,'cvMES Function List 定义'!$K:$K,$B5,'cvMES Function List 定义'!$L:$L,I$4) -> 1 | J5: =SUMIFS('cvMES Function List 定义'!$D:$D,'cvMES Function List 定义'!$K:$K,$B5,'cvMES Function List 定义'!$L:$L,J$4) -> 1 | K5: =SUMIFS('cvMES Function List 定义'!$D:$D,'cvMES Function List 定义'!$K:$K,$B5,'cvMES Function List 定义'!$L:$L,K$4) -> 0 | L5: =SUMIFS('cvMES Function List 定义'!$D:$D,'cvMES Function List 定义'!$K:$K,$B5,'cvMES Function List 定义'!$L:$L,L$4) -> 0 | M5: =SUMIFS('cvMES Function List 定义'!$D:$D,'cvMES Function List 定义'!$K:$K,$B5,'cvMES Function List 定义'!$L:$L,M$4) -> 3
B6: Machine | C6: =SUMIF('cvMES Function List 定义'!$K:$K,$B6,'cvMES Function List 定义'!$B:$B) -> 37 | D6: =SUMIF('cvMES Function List 定义'!$K:$K,$B6,'cvMES Function List 定义'!$C:$C) -> 0 | E6: =COUNTIFS('cvMES Function List 定义'!$K:$K,$B6,'cvMES Function List 定义'!L:L,$H$4) -> 12 | F6: =IF(ISERROR(E6/C6),"",E6/C6) -> 0.32432432 | G6: =E6/D6 -> #DIV/0! | H6: =SUMIFS('cvMES Function List 定义'!$D:$D,'cvMES Function List 定义'!$K:$K,$B6,'cvMES Function List 定义'!$L:$L,H$4) -> 12 | I6: =SUMIFS('cvMES Function List 定义'!$D:$D,'cvMES Function List 定义'!$K:$K,$B6,'cvMES Function List 定义'!$L:$L,I$4) -> 0 | J6: =SUMIFS('cvMES Function List 定义'!$D:$D,'cvMES Function List 定义'!$K:$K,$B6,'cvMES Function List 定义'!$L:$L,J$4) -> 0 | K6: =SUMIFS('cvMES Function List 定义'!$D:$D,'cvMES Function List 定义'!$K:$K,$B6,'cvMES Function List 定义'!$L:$L,K$4) -> 0 | L6: =SUMIFS('cvMES Function List 定义'!$D:$D,'cvMES Function List 定义'!$K:$K,$B6,'cvMES Function List 定义'!$L:$L,L$4) -> 0 | M6: =SUMIFS('cvMES Function List 定义'!$D:$D,'cvMES Function List 定义'!$K:$K,$B6,'cvMES Function List 定义'!$L:$L,M$4) -> 0
B7: Lot | C7: =SUMIF('cvMES Function List 定义'!$K:$K,$B7,'cvMES Function List 定义'!$B:$B) -> 105 | D7: =SUMIF('cvMES Function List 定义'!$K:$K,$B7,'cvMES Function List 定义'!$C:$C) -> 0 | E7: =COUNTIFS('cvMES Function List 定义'!$K:$K,$B7,'cvMES Function List 定义'!L:L,$H$4) -> 80 | F7: =IF(ISERROR(E7/C7),"",E7/C7) -> 0.76190476 | G7: =E7/D7 -> #DIV/0! | H7: =SUMIFS('cvMES Function List 定义'!$D:$D,'cvMES Function List 定义'!$K:$K,$B7,'cvMES Function List 定义'!$L:$L,H$4) -> 78 | I7: =SUMIFS('cvMES Function List 定义'!$D:$D,'cvMES Function List 定义'!$K:$K,$B7,'cvMES Function List 定义'!$L:$L,I$4) -> 0 | J7: =SUMIFS('cvMES Function List 定义'!$D:$D,'cvMES Function List 定义'!$K:$K,$B7,'cvMES Function List 定义'!$L:$L,J$4) -> 0 | K7: =SUMIFS('cvMES Function List 定义'!$D:$D,'cvMES Function List 定义'!$K:$K,$B7,'cvMES Function List 定义'!$L:$L,K$4) -> 0 | L7: =SUMIFS('cvMES Function List 定义'!$D:$D,'cvMES Function List 定义'!$K:$K,$B7,'cvMES Function List 定义'!$L:$L,L$4) -> 0 | M7: =SUMIFS('cvMES Function List 定义'!$D:$D,'cvMES Function List 定义'!$K:$K,$B7,'cvMES Function List 定义'!$L:$L,M$4) -> 2
B8: Inventory | C8: =SUMIF('cvMES Function List 定义'!$K:$K,$B8,'cvMES Function List 定义'!$B:$B) -> 10 | D8: =SUMIF('cvMES Function List 定义'!$K:$K,$B8,'cvMES Function List 定义'!$C:$C) -> 0 | E8: =COUNTIFS('cvMES Function List 定义'!$K:$K,$B8,'cvMES Function List 定义'!L:L,$H$4) -> 10 | F8: =IF(ISERROR(E8/C8),"",E8/C8) -> 1 | G8: =E8/D8 -> #DIV/0! | H8: =SUMIFS('cvMES Function List 定义'!$D:$D,'cvMES Function List 定义'!$K:$K,$B8,'cvMES Function List 定义'!$L:$L,H$4) -> 10 | I8: =SUMIFS('cvMES Function List 定义'!$D:$D,'cvMES Function List 定义'!$K:$K,$B8,'cvMES Function List 定义'!$L:$L,I$4) -> 0 | J8: =SUMIFS('cvMES Function List 定义'!$D:$D,'cvMES Function List 定义'!$K:$K,$B8,'cvMES Function List 定义'!$L:$L,J$4) -> 0 | K8: =SUMIFS('cvMES Function List 定义'!$D:$D,'cvMES Function List 定义'!$K:$K,$B8,'cvMES Function List 定义'!$L:$L,K$4) -> 0 | L8: =SUMIFS('cvMES Function List 定义'!$D:$D,'cvMES Function List 定义'!$K:$K,$B8,'cvMES Function List 定义'!$L:$L,L$4) -> 0 | M8: =SUMIFS('cvMES Function List 定义'!$D:$D,'cvMES Function List 定义'!$K:$K,$B8,'cvMES Function List 定义'!$L:$L,M$4) -> 0
B9: WIP | C9: =SUMIF('cvMES Function List 定义'!$K:$K,$B9,'cvMES Function List 定义'!$B:$B) -> 66 | D9: =SUMIF('cvMES Function List 定义'!$K:$K,$B9,'cvMES Function List 定义'!$C:$C) -> 0 | E9: =COUNTIFS('cvMES Function List 定义'!$K:$K,$B9,'cvMES Function List 定义'!L:L,$H$4) -> 59 | F9: =IF(ISERROR(E9/C9),"",E9/C9) -> 0.89393939 | G9: =E9/D9 -> #DIV/0! | H9: =SUMIFS('cvMES Function List 定义'!$D:$D,'cvMES Function List 定义'!$K:$K,$B9,'cvMES Function List 定义'!$L:$L,H$4) -> 52 | I9: =SUMIFS('cvMES Function List 定义'!$D:$D,'cvMES Function List 定义'!$K:$K,$B9,'cvMES Function List 定义'!$L:$L,I$4) -> 0 | J9: =SUMIFS('cvMES Function List 定义'!$D:$D,'cvMES Function List 定义'!$K:$K,$B9,'cvMES Function List 定义'!$L:$L,J$4) -> 2 | K9: =SUMIFS('cvMES Function List 定义'!$D:$D,'cvMES Function List 定义'!$K:$K,$B9,'cvMES Function List 定义'!$L:$L,K$4) -> 0 | L9: =SUMIFS('cvMES Function List 定义'!$D:$D,'cvMES Function List 定义'!$K:$K,$B9,'cvMES Function List 定义'!$L:$L,L$4) -> 1 | M9: =SUMIFS('cvMES Function List 定义'!$D:$D,'cvMES Function List 定义'!$K:$K,$B9,'cvMES Function List 定义'!$L:$L,M$4) -> 1
B10: CSN | C10: =SUMIF('cvMES Function List 定义'!$K:$K,$B10,'cvMES Function List 定义'!$B:$B) -> 6 | D10: 3 | E10: =COUNTIFS('cvMES Function List 定义'!$K:$K,$B10,'cvMES Function List 定义'!L:L,$H$4) -> 3 | F10: =IF(ISERROR(E10/C10),"",E10/C10) -> 0.5 | G10: =E10/D10 -> 1 | H10: =SUMIFS('cvMES Function List 定义'!$D:$D,'cvMES Function List 定义'!$K:$K,$B10,'cvMES Function List 定义'!$L:$L,H$4) -> 3 | I10: =SUMIFS('cvMES Function List 定义'!$D:$D,'cvMES Function List 定义'!$K:$K,$B10,'cvMES Function List 定义'!$L:$L,I$4) -> 0 | J10: =SUMIFS('cvMES Function List 定义'!$D:$D,'cvMES Function List 定义'!$K:$K,$B10,'cvMES Function List 定义'!$L:$L,J$4) -> 0 | K10: =SUMIFS('cvMES Function List 定义'!$D:$D,'cvMES Function List 定义'!$K:$K,$B10,'cvMES Function List 定义'!$L:$L,K$4) -> 0 | L10: =SUMIFS('cvMES Function List 定义'!$D:$D,'cvMES Function List 定义'!$K:$K,$B10,'cvMES Function List 定义'!$L:$L,L$4) -> 0 | M10: =SUMIFS('cvMES Function List 定义'!$D:$D,'cvMES Function List 定义'!$K:$K,$B10,'cvMES Function List 定义'!$L:$L,M$4) -> 0
B11: Test Wafer | C11: =SUMIF('cvMES Function List 定义'!$K:$K,$B11,'cvMES Function List 定义'!$B:$B) -> 23 | D11: =SUMIF('cvMES Function List 定义'!$K:$K,$B11,'cvMES Function List 定义'!$C:$C) -> 0 | E11: =COUNTIFS('cvMES Function List 定义'!$K:$K,$B11,'cvMES Function List 定义'!L:L,$H$4) -> 23 | F11: =IF(ISERROR(E11/C11),"",E11/C11) -> 1 | G11: =E11/D11 -> #DIV/0! | H11: =SUMIFS('cvMES Function List 定义'!$D:$D,'cvMES Function List 定义'!$K:$K,$B11,'cvMES Function List 定义'!$L:$L,H$4) -> 23 | I11: =SUMIFS('cvMES Function List 定义'!$D:$D,'cvMES Function List 定义'!$K:$K,$B11,'cvMES Function List 定义'!$L:$L,I$4) -> 0 | J11: =SUMIFS('cvMES Function List 定义'!$D:$D,'cvMES Function List 定义'!$K:$K,$B11,'cvMES Function List 定义'!$L:$L,J$4) -> 0 | K11: =SUMIFS('cvMES Function List 定义'!$D:$D,'cvMES Function List 定义'!$K:$K,$B11,'cvMES Function List 定义'!$L:$L,K$4) -> 0 | L11: =SUMIFS('cvMES Function List 定义'!$D:$D,'cvMES Function List 定义'!$K:$K,$B11,'cvMES Function List 定义'!$L:$L,L$4) -> 0 | M11: =SUMIFS('cvMES Function List 定义'!$D:$D,'cvMES Function List 定义'!$K:$K,$B11,'cvMES Function List 定义'!$L:$L,M$4) -> 0
B12: Reticle | C12: =SUMIF('cvMES Function List 定义'!$K:$K,$B12,'cvMES Function List 定义'!$B:$B) -> 63 | D12: =SUMIF('cvMES Function List 定义'!$K:$K,$B12,'cvMES Function List 定义'!$C:$C) -> 0 | E12: =COUNTIFS('cvMES Function List 定义'!$K:$K,$B12,'cvMES Function List 定义'!L:L,$H$4) -> 30 | F12: =IF(ISERROR(E12/C12),"",E12/C12) -> 0.47619048 | G12: =E12/D12 -> #DIV/0! | H12: =SUMIFS('cvMES Function List 定义'!$D:$D,'cvMES Function List 定义'!$K:$K,$B12,'cvMES Function List 定义'!$L:$L,H$4) -> 30 | I12: =SUMIFS('cvMES Function List 定义'!$D:$D,'cvMES Function List 定义'!$K:$K,$B12,'cvMES Function List 定义'!$L:$L,I$4) -> 0 | J12: =SUMIFS('cvMES Function List 定义'!$D:$D,'cvMES Function List 定义'!$K:$K,$B12,'cvMES Function List 定义'!$L:$L,J$4) -> 0 | K12: =SUMIFS('cvMES Function List 定义'!$D:$D,'cvMES Function List 定义'!$K:$K,$B12,'cvMES Function List 定义'!$L:$L,K$4) -> 0 | L12: =SUMIFS('cvMES Function List 定义'!$D:$D,'cvMES Function List 定义'!$K:$K,$B12,'cvMES Function List 定义'!$L:$L,L$4) -> 0 | M12: =SUMIFS('cvMES Function List 定义'!$D:$D,'cvMES Function List 定义'!$K:$K,$B12,'cvMES Function List 定义'!$L:$L,M$4) -> 2
B13: Sampling | C13: =SUMIF('cvMES Function List 定义'!$K:$K,$B13,'cvMES Function List 定义'!$B:$B) -> 16 | D13: =SUMIF('cvMES Function List 定义'!$K:$K,$B13,'cvMES Function List 定义'!$C:$C) -> 0 | E13: =COUNTIFS('cvMES Function List 定义'!$K:$K,$B13,'cvMES Function List 定义'!L:L,$H$4) -> 10 | F13: =IF(ISERROR(E13/C13),"",E13/C13) -> 0.625 | G13: =E13/D13 -> #DIV/0! | H13: =SUMIFS('cvMES Function List 定义'!$D:$D,'cvMES Function List 定义'!$K:$K,$B13,'cvMES Function List 定义'!$L:$L,H$4) -> 10 | I13: =SUMIFS('cvMES Function List 定义'!$D:$D,'cvMES Function List 定义'!$K:$K,$B13,'cvMES Function List 定义'!$L:$L,I$4) -> 0 | J13: =SUMIFS('cvMES Function List 定义'!$D:$D,'cvMES Function List 定义'!$K:$K,$B13,'cvMES Function List 定义'!$L:$L,J$4) -> 0 | K13: =SUMIFS('cvMES Function List 定义'!$D:$D,'cvMES Function List 定义'!$K:$K,$B13,'cvMES Function List 定义'!$L:$L,K$4) -> 2 | L13: =SUMIFS('cvMES Function List 定义'!$D:$D,'cvMES Function List 定义'!$K:$K,$B13,'cvMES Function List 定义'!$L:$L,L$4) -> 0 | M13: =SUMIFS('cvMES Function List 定义'!$D:$D,'cvMES Function List 定义'!$K:$K,$B13,'cvMES Function List 定义'!$L:$L,M$4) -> 0
B14: Phase1 | C14: =SUM(C5:C13) -> 355 | D14: =SUM(D5:D13) -> 3 | E14: =SUM(E5:E13) -> 245 | F14: =IF(ISERROR(E14/C14),"",E14/C14) -> 0.69014085 | G14: =E14/D14 -> 81.666667 | H14: =SUM(H5:H13) -> 236 | I14: =SUM(I5:I13) -> 1 | J14: =SUM(J5:J13) -> 3 | K14: =SUM(K5:K13) -> 2 | L14: =SUM(L5:L13) -> 1 | M14: =SUM(M5:M13) -> 8
B15: OCAP | C15: =SUMIF('cvMES Function List 定义'!$K:$K,$B15,'cvMES Function List 定义'!$B:$B) -> 2 | D15: =SUMIF('cvMES Function List 定义'!$K:$K,$B15,'cvMES Function List 定义'!$C:$C) -> 0 | E15: =COUNTIFS('cvMES Function List 定义'!$K:$K,$B15,'cvMES Function List 定义'!L:L,$H$4) -> 1 | F15: =IF(ISERROR(E15/C15),"",E15/C15) -> 0.5 | G15: =E15/D15 -> #DIV/0! | H15: =SUMIFS('cvMES Function List 定义'!$D:$D,'cvMES Function List 定义'!$K:$K,$B15,'cvMES Function List 定义'!$L:$L,H$4) -> 0 | I15: =SUMIFS('cvMES Function List 定义'!$D:$D,'cvMES Function List 定义'!$K:$K,$B15,'cvMES Function List 定义'!$L:$L,I$4) -> 0 | J15: =SUMIFS('cvMES Function List 定义'!$D:$D,'cvMES Function List 定义'!$K:$K,$B15,'cvMES Function List 定义'!$L:$L,J$4) -> 0 | K15: =SUMIFS('cvMES Function List 定义'!$D:$D,'cvMES Function List 定义'!$K:$K,$B15,'cvMES Function List 定义'!$L:$L,K$4) -> 0 | L15: =SUMIFS('cvMES Function List 定义'!$D:$D,'cvMES Function List 定义'!$K:$K,$B15,'cvMES Function List 定义'!$L:$L,L$4) -> 0 | M15: =SUMIFS('cvMES Function List 定义'!$D:$D,'cvMES Function List 定义'!$K:$K,$B15,'cvMES Function List 定义'!$L:$L,M$4) -> 0
B16: PCMS | C16: =SUMIF('cvMES Function List 定义'!$K:$K,$B16,'cvMES Function List 定义'!$B:$B) -> 36 | D16: =SUMIF('cvMES Function List 定义'!$K:$K,$B16,'cvMES Function List 定义'!$C:$C) -> 0 | E16: =COUNTIFS('cvMES Function List 定义'!$K:$K,$B16,'cvMES Function List 定义'!L:L,$H$4) -> 0 | F16: =IF(ISERROR(E16/C16),"",E16/C16) -> 0 | G16: =E16/D16 -> #DIV/0! | H16: =SUMIFS('cvMES Function List 定义'!$D:$D,'cvMES Function List 定义'!$K:$K,$B16,'cvMES Function List 定义'!$L:$L,H$4) -> 0 | I16: =SUMIFS('cvMES Function List 定义'!$D:$D,'cvMES Function List 定义'!$K:$K,$B16,'cvMES Function List 定义'!$L:$L,I$4) -> 0 | J16: =SUMIFS('cvMES Function List 定义'!$D:$D,'cvMES Function List 定义'!$K:$K,$B16,'cvMES Function List 定义'!$L:$L,J$4) -> 0 | K16: =SUMIFS('cvMES Function List 定义'!$D:$D,'cvMES Function List 定义'!$K:$K,$B16,'cvMES Function List 定义'!$L:$L,K$4) -> 0 | L16: =SUMIFS('cvMES Function List 定义'!$D:$D,'cvMES Function List 定义'!$K:$K,$B16,'cvMES Function List 定义'!$L:$L,L$4) -> 0 | M16: =SUMIFS('cvMES Function List 定义'!$D:$D,'cvMES Function List 定义'!$K:$K,$B16,'cvMES Function List 定义'!$L:$L,M$4) -> 0
B17: PRMS | C17: =SUMIF('cvMES Function List 定义'!$K:$K,$B17,'cvMES Function List 定义'!$B:$B) -> 12 | D17: =SUMIF('cvMES Function List 定义'!$K:$K,$B17,'cvMES Function List 定义'!$C:$C) -> 0 | E17: =COUNTIFS('cvMES Function List 定义'!$K:$K,$B17,'cvMES Function List 定义'!L:L,$H$4) -> 0 | F17: =IF(ISERROR(E17/C17),"",E17/C17) -> 0 | G17: =E17/D17 -> #DIV/0! | H17: =SUMIFS('cvMES Function List 定义'!$D:$D,'cvMES Function List 定义'!$K:$K,$B17,'cvMES Function List 定义'!$L:$L,H$4) -> 0 | I17: =SUMIFS('cvMES Function List 定义'!$D:$D,'cvMES Function List 定义'!$K:$K,$B17,'cvMES Function List 定义'!$L:$L,I$4) -> 0 | J17: =SUMIFS('cvMES Function List 定义'!$D:$D,'cvMES Function List 定义'!$K:$K,$B17,'cvMES Function List 定义'!$L:$L,J$4) -> 0 | K17: =SUMIFS('cvMES Function List 定义'!$D:$D,'cvMES Function List 定义'!$K:$K,$B17,'cvMES Function List 定义'!$L:$L,K$4) -> 0 | L17: =SUMIFS('cvMES Function List 定义'!$D:$D,'cvMES Function List 定义'!$K:$K,$B17,'cvMES Function List 定义'!$L:$L,L$4) -> 0 | M17: =SUMIFS('cvMES Function List 定义'!$D:$D,'cvMES Function List 定义'!$K:$K,$B17,'cvMES Function List 定义'!$L:$L,M$4) -> 0
B18: PTMS | C18: =SUMIF('cvMES Function List 定义'!$K:$K,$B18,'cvMES Function List 定义'!$B:$B) -> 10 | D18: =SUMIF('cvMES Function List 定义'!$K:$K,$B18,'cvMES Function List 定义'!$C:$C) -> 0 | E18: =COUNTIFS('cvMES Function List 定义'!$K:$K,$B18,'cvMES Function List 定义'!L:L,$H$4) -> 0 | F18: =IF(ISERROR(E18/C18),"",E18/C18) -> 0 | G18: =E18/D18 -> #DIV/0! | H18: =SUMIFS('cvMES Function List 定义'!$D:$D,'cvMES Function List 定义'!$K:$K,$B18,'cvMES Function List 定义'!$L:$L,H$4) -> 0 | I18: =SUMIFS('cvMES Function List 定义'!$D:$D,'cvMES Function List 定义'!$K:$K,$B18,'cvMES Function List 定义'!$L:$L,I$4) -> 0 | J18: =SUMIFS('cvMES Function List 定义'!$D:$D,'cvMES Function List 定义'!$K:$K,$B18,'cvMES Function List 定义'!$L:$L,J$4) -> 0 | K18: =SUMIFS('cvMES Function List 定义'!$D:$D,'cvMES Function List 定义'!$K:$K,$B18,'cvMES Function List 定义'!$L:$L,K$4) -> 0 | L18: =SUMIFS('cvMES Function List 定义'!$D:$D,'cvMES Function List 定义'!$K:$K,$B18,'cvMES Function List 定义'!$L:$L,L$4) -> 0 | M18: =SUMIFS('cvMES Function List 定义'!$D:$D,'cvMES Function List 定义'!$K:$K,$B18,'cvMES Function List 定义'!$L:$L,M$4) -> 0
B19: RTD | C19: =SUMIF('cvMES Function List 定义'!$K:$K,$B19,'cvMES Function List 定义'!$B:$B) -> 1 | D19: =SUMIF('cvMES Function List 定义'!$K:$K,$B19,'cvMES Function List 定义'!$C:$C) -> 0 | E19: =COUNTIFS('cvMES Function List 定义'!$K:$K,$B19,'cvMES Function List 定义'!L:L,$H$4) -> 0 | F19: =IF(ISERROR(E19/C19),"",E19/C19) -> 0 | G19: =E19/D19 -> #DIV/0! | H19: =SUMIFS('cvMES Function List 定义'!$D:$D,'cvMES Function List 定义'!$K:$K,$B19,'cvMES Function List 定义'!$L:$L,H$4) -> 0 | I19: =SUMIFS('cvMES Function List 定义'!$D:$D,'cvMES Function List 定义'!$K:$K,$B19,'cvMES Function List 定义'!$L:$L,I$4) -> 0 | J19: =SUMIFS('cvMES Function List 定义'!$D:$D,'cvMES Function List 定义'!$K:$K,$B19,'cvMES Function List 定义'!$L:$L,J$4) -> 0 | K19: =SUMIFS('cvMES Function List 定义'!$D:$D,'cvMES Function List 定义'!$K:$K,$B19,'cvMES Function List 定义'!$L:$L,K$4) -> 0 | L19: =SUMIFS('cvMES Function List 定义'!$D:$D,'cvMES Function List 定义'!$K:$K,$B19,'cvMES Function List 定义'!$L:$L,L$4) -> 0 | M19: =SUMIFS('cvMES Function List 定义'!$D:$D,'cvMES Function List 定义'!$K:$K,$B19,'cvMES Function List 定义'!$L:$L,M$4) -> 0
B20: Transportation | C20: =SUMIF('cvMES Function List 定义'!$K:$K,$B20,'cvMES Function List 定义'!$B:$B) -> 11 | D20: =SUMIF('cvMES Function List 定义'!$K:$K,$B20,'cvMES Function List 定义'!$C:$C) -> 0 | E20: =COUNTIFS('cvMES Function List 定义'!$K:$K,$B20,'cvMES Function List 定义'!L:L,$H$4) -> 0 | F20: =IF(ISERROR(E20/C20),"",E20/C20) -> 0 | G20: =E20/D20 -> #DIV/0! | H20: =SUMIFS('cvMES Function List 定义'!$D:$D,'cvMES Function List 定义'!$K:$K,$B20,'cvMES Function List 定义'!$L:$L,H$4) -> 0 | I20: =SUMIFS('cvMES Function List 定义'!$D:$D,'cvMES Function List 定义'!$K:$K,$B20,'cvMES Function List 定义'!$L:$L,I$4) -> 0 | J20: =SUMIFS('cvMES Function List 定义'!$D:$D,'cvMES Function List 定义'!$K:$K,$B20,'cvMES Function List 定义'!$L:$L,J$4) -> 0 | K20: =SUMIFS('cvMES Function List 定义'!$D:$D,'cvMES Function List 定义'!$K:$K,$B20,'cvMES Function List 定义'!$L:$L,K$4) -> 0 | L20: =SUMIFS('cvMES Function List 定义'!$D:$D,'cvMES Function List 定义'!$K:$K,$B20,'cvMES Function List 定义'!$L:$L,L$4) -> 0 | M20: =SUMIFS('cvMES Function List 定义'!$D:$D,'cvMES Function List 定义'!$K:$K,$B20,'cvMES Function List 定义'!$L:$L,M$4) -> 0
B21: WAT | C21: =SUMIF('cvMES Function List 定义'!$K:$K,$B21,'cvMES Function List 定义'!$B:$B) -> 12 | D21: =SUMIF('cvMES Function List 定义'!$K:$K,$B21,'cvMES Function List 定义'!$C:$C) -> 0 | E21: =COUNTIFS('cvMES Function List 定义'!$K:$K,$B21,'cvMES Function List 定义'!L:L,$H$4) -> 0 | F21: =IF(ISERROR(E21/C21),"",E21/C21) -> 0 | G21: =E21/D21 -> #DIV/0! | H21: =SUMIFS('cvMES Function List 定义'!$D:$D,'cvMES Function List 定义'!$K:$K,$B21,'cvMES Function List 定义'!$L:$L,H$4) -> 0 | I21: =SUMIFS('cvMES Function List 定义'!$D:$D,'cvMES Function List 定义'!$K:$K,$B21,'cvMES Function List 定义'!$L:$L,I$4) -> 0 | J21: =SUMIFS('cvMES Function List 定义'!$D:$D,'cvMES Function List 定义'!$K:$K,$B21,'cvMES Function List 定义'!$L:$L,J$4) -> 0 | K21: =SUMIFS('cvMES Function List 定义'!$D:$D,'cvMES Function List 定义'!$K:$K,$B21,'cvMES Function List 定义'!$L:$L,K$4) -> 0 | L21: =SUMIFS('cvMES Function List 定义'!$D:$D,'cvMES Function List 定义'!$K:$K,$B21,'cvMES Function List 定义'!$L:$L,L$4) -> 0 | M21: =SUMIFS('cvMES Function List 定义'!$D:$D,'cvMES Function List 定义'!$K:$K,$B21,'cvMES Function List 定义'!$L:$L,M$4) -> 0
B22: Phase2 | C22: =SUM(C15:C21) -> 84 | D22: =SUM(D15:D21) -> 0 | E22: =SUM(E15:E21) -> 1 | F22: =IF(ISERROR(E22/C22),"",E22/C22) -> 0.011904762 | G22: =E22/D22 -> #DIV/0! | H22: =SUM(H15:H21) -> 0 | I22: =SUM(I15:I21) -> 0 | J22: =SUM(J15:J21) -> 0 | K22: =SUM(K15:K21) -> 0 | L22: =SUM(L15:L21) -> 0 | M22: =SUM(M15:M21) -> 0
B23: Total | C23: =C14+C22 -> 439 | D23: =D14+D22 -> 3 | E23: =E14+E22 -> 246 | F23: =IF(ISERROR(E23/C23),"",E23/C23) -> 0.56036446 | G23: =E23/D23 -> 82 | H23: =H14+H22 -> 236 | I23: =I14+I22 -> 1 | J23: =J14+J22 -> 3 | K23: =K14+K22 -> 2 | L23: =L14+L22 -> 1 | M23: =M14+M22 -> 8

Sheet cvMES Function List 定义
E2: * Cpwin（MES）Function List
E3: Level1 | F3: Level2 | G3: No. | H3: 300Works(Basic) | I3: B2 Funcation | J3: cvMES | K3: 模块 | L3: 功能确认 | M3: 开发阶段 | N3: 界面说明 | O3: 责任人 | P3: 开发地 | Q3: 开发人 | R3: 交期 | S3: 实绩 | T3: 完成 | U3: Remark
A4: =B4&D4 -> 11 | B4: =IF(H4="","",1) -> 1 | C4: =IF(I4="","",1) | D4: =IF(J4="","",1) -> 1 | E4: Carrier Mgt | G4: 1 | H4: Add Carrier Comment | I4: =IF(ISERROR(VLOOKUP(H4,#REF!,9,0)),"",VLOOKUP(H4,#REF!,9,0)) | J4: Add Carrier Comment | K4: Carrier | L4: 设计中 | M4: 2022 | N4: 添加Carrier Comment | O4: 杨金杰
A5: =B5&D5 -> 11 | B5: =IF(H5="","",1) -> 1 | C5: =IF(I5="","",1) | D5: =IF(J5="","",1) -> 1 | G5: 2 | H5: Assign Carrier | I5: =IF(ISERROR(VLOOKUP(H5,#REF!,9,0)),"",VLOOKUP(H5,#REF!,9,0)) | J5: Assign Carrier | K5: Carrier | L5: 完成 | M5: 2022 | N5: Lot&Carrier逻辑 Match | O5: 杨金杰
A6: =B6&D6 -> 1 | B6: =IF(H6="","",1) | C6: =IF(I6="","",1) | D6: =IF(J6="","",1) -> 1 | G6: 3 | I6: =IF(ISERROR(VLOOKUP(H6,#REF!,9,0)),"",VLOOKUP(H6,#REF!,9,0)) | J6: Deassign Carrier | K6: Carrier | L6: 完成 | M6: 2022 | N6: Lot&Carrier逻辑 Divide | O6: 杨金杰
A7: =B7&D7 -> 11 | B7: =IF(H7="","",1) -> 1 | C7: =IF(I7="","",1) | D7: =IF(J7="","",1) -> 1 | G7: 4 | H7: Cancel Clean | I7: =IF(ISERROR(VLOOKUP(H7,#REF!,9,0)),"",VLOOKUP(H7,#REF!,9,0)) | J7: Cancel Clean | K7: Carrier | L7: 待确认 | M7: 2022 | N7: Cancel Set Clean,Cancel Start Clean | O7: 杨金杰
A8: =B8&D8 -> 1 | B8: =IF(H8="","",1) -> 1 | C8: =IF(I8="","",1) | D8: =IF(J8="","",1) | G8: 5 | H8: Cancel Inspection | I8: =IF(ISERROR(VLOOKUP(H8,#REF!,9,0)),"",VLOOKUP(H8,#REF!,9,0)) | K8: Carrier | L8: 未推进 | M8: 2022 | O8: 杨金杰
A9: =B9&D9 -> 11 | B9: =IF(H9="","",1) -> 1 | C9: =IF(I9="","",1) | D9: =IF(J9="","",1) -> 1 | G9: 6 | H9: Cancel Reserve Target Carrier | I9: =IF(ISERROR(VLOOKUP(H9,#REF!,9,0)),"",VLOOKUP(H9,#REF!,9,0)) | J9: Cancel Reserve Target Carrier | K9: Carrier | L9: 完成 | M9: 2022 | N9: 解绑预约Carrier,其他用途可以使用 | O9: 杨金杰
A10: =B10&D10 -> 1 | B10: =IF(H10="","",1) -> 1 | C10: =IF(I10="","",1) | D10: =IF(J10="","",1) | G10: 7 | H10: Carrier Data Collection | I10: =IF(ISERROR(VLOOKUP(H10,#REF!,9,0)),"",VLOOKUP(H10,#REF!,9,0)) | K10: Carrier | L10: 待确认 | M10: 2022 | O10: 李彬
A11: =B11&D11 -> 11 | B11: =IF(H11="","",1) -> 1 | C11: =IF(I11="","",1) | D11: =IF(J11="","",1) -> 1 | F11: Update/Modify Carrier Info | G11: 8 | H11: Change Slotmap Info | I11: =IF(ISERROR(VLOOKUP(H11,#REF!,9,0)),"",VLOOKUP(H11,#REF!,9,0)) | J11: Change Slot Map Info | K11: Carrier | L11: 完成 | M11: 2022 | N11: 改变同lot中 wafer slot信息 | O11: 杨金杰
A12: =B12&D12 -> 1 | B12: =IF(H12="","",1) | C12: =IF(I12="","",1) | D12: =IF(J12="","",1) -> 1 | G12: 9 | I12: =IF(ISERROR(VLOOKUP(H12,#REF!,9,0)),"",VLOOKUP(H12,#REF!,9,0)) | J12: Change Carrier Info | K12: Carrier | L12: 完成 | M12: 2022 | O12: 杨金杰
A13: =B13&D13 -> 11 | B13: =IF(H13="","",1) -> 1 | C13: =IF(I13="","",1) | D13: =IF(J13="","",1) -> 1 | G13: 10 | H13: Create Carrier | I13: =IF(ISERROR(VLOOKUP(H13,#REF!,9,0)),"",VLOOKUP(H13,#REF!,9,0)) | J13: Create Carrier | K13: Carrier | L13: 完成 | M13: 2022 | N13: 单个或多个Carrier创建（包括Foup.FOSB) | O13: 杨金杰
A14: =B14&D14 -> 1 | B14: =IF(H14="","",1) -> 1 | C14: =IF(I14="","",1) | D14: =IF(J14="","",1) | G14: 11 | H14: Disposal/Undo Disposal | I14: =IF(ISERROR(VLOOKUP(H14,#REF!,9,0)),"",VLOOKUP(H14,#REF!,9,0)) | K14: Carrier | L14: 未推进 | M14: 2022 | O14: 杨金杰
A15: =B15&D15 -> 11 | B15: =IF(H15="","",1) -> 1 | C15: =IF(I15="","",1) | D15: =IF(J15="","",1) -> 1 | G15: 12 | H15: Exchange Carrier | I15: =IF(ISERROR(VLOOKUP(H15,#REF!,9,0)),"",VLOOKUP(H15,#REF!,9,0)) | J15: Exchange Carrier | K15: Carrier | L15: 完成 | M15: 2022 | N15: Carrier为基准，Lot逐个传出到新的异种Foup | O15: 杨金杰
A16: =B16&D16 -> 11 | B16: =IF(H16="","",1) -> 1 | C16: =IF(I16="","",1) | D16: =IF(J16="","",1) -> 1 | G16: 13 | H16: Hold Carrier | I16: =IF(ISERROR(VLOOKUP(H16,#REF!,9,0)),"",VLOOKUP(H16,#REF!,9,0)) | J16: Hold Carrier | K16: Carrier | L16: 完成 | M16: 2022 | N16: Hold Carrier | O16: 杨金杰
A17: =B17&D17 -> 1 | B17: =IF(H17="","",1) -> 1 | C17: =IF(I17="","",1) | D17: =IF(J17="","",1) | G17: 14 | H17: Inspection Flow Control | I17: =IF(ISERROR(VLOOKUP(H17,#REF!,9,0)),"",VLOOKUP(H17,#REF!,9,0)) | K17: Carrier | L17: 未推进 | M17: 2022 | O17: 杨金杰
A18: =B18&D18 -> 11 | B18: =IF(H18="","",1) -> 1 | C18: =IF(I18="","",1) | D18: =IF(J18="","",1) -> 1 | F18: Update/Modify Carrier Info | G18: 15 | H18: Modify Carrier Attributes | I18: =IF(ISERROR(VLOOKUP(H18,#REF!,9,0)),"",VLOOKUP(H18,#REF!,9,0)) | J18: Modify Carrier Attributes | K18: Carrier | L18: 完成 | M18: 2022 | O18: 杨金杰
A19: =B19&D19 -> 1 | B19: =IF(H19="","",1) -> 1 | C19: =IF(I19="","",1) | D19: =IF(J19="","",1) | G19: 16 | H19: Start/End Inspection | I19: =IF(ISERROR(VLOOKUP(H19,#REF!,9,0)),"",VLOOKUP(H19,#REF!,9,0)) | K19: Carrier | L19: 未推进 | M19: 2022 | O19: 杨金杰
A20: =B20&D20 -> 11 | B20: =IF(H20="","",1) -> 1 | C20: =IF(I20="","",1) | D20: =IF(J20="","",1) -> 1 | G20: 17 | H20: Release Carrier | I20: =IF(ISERROR(VLOOKUP(H20,#REF!,9,0)),"",VLOOKUP(H20,#REF!,9,0)) | J20: Release Carrier | K20: Carrier | L20: 完成 | M20: 2022 | N20: 对Hold Carrier进行Release | O20: 杨金杰
A21: =B21&D21 -> 11 | B21: =IF(H21="","",1) -> 1 | C21: =IF(I21="","",1) | D21: =IF(J21="","",1) -> 1 | G21: 18 | H21: Remove Carrier | I21: =IF(ISERROR(VLOOKUP(H21,#REF!,9,0)),"",VLOOKUP(H21,#REF!,9,0)) | J21: Scrap Carrier | K21: Carrier | L21: 完成 | M21: 2022 | N21: 报废Carrier | O21: 杨金杰
A22: =B22&D22 -> 1 | B22: =IF(H22="","",1) -> 1 | C22: =IF(I22="","",1) | D22: =IF(J22="","",1) | G22: 19 | H22: Repair FOUP | I22: =IF(ISERROR(VLOOKUP(H22,#REF!,9,0)),"",VLOOKUP(H22,#REF!,9,0)) | K22: Carrier | L22: 未推进 | M22: 2022 | O22: 杨金杰
A23: =B23&D23 -> 11 | B23: =IF(H23="","",1) -> 1 | C23: =IF(I23="","",1) | D23: =IF(J23="","",1) -> 1 | G23: 20 | H23: Reserve Target Carrier | I23: =IF(ISERROR(VLOOKUP(H23,#REF!,9,0)),"",VLOOKUP(H23,#REF!,9,0)) | J23: Reserve Target Carrier | K23: Carrier | L23: 开发中 | M23: 2022 | N23: 预约Carrier,防止其他用途使用 | O23: 杨金杰
A24: =B24&D24 -> 1 | B24: =IF(H24="","",1) -> 1 | C24: =IF(I24="","",1) | D24: =IF(J24="","",1) | G24: 21 | H24: Set Disposal/Cancel Disposal | I24: =IF(ISERROR(VLOOKUP(H24,#REF!,9,0)),"",VLOOKUP(H24,#REF!,9,0)) | K24: Carrier | L24: 未推进 | M24: 2022 | O24: 杨金杰
A25: =B25&D25 -> 1 | B25: =IF(H25="","",1) | C25: =IF(I25="","",1) | D25: =IF(J25="","",1) -> 1 | G25: 22 | I25: =IF(ISERROR(VLOOKUP(H25,#REF!,9,0)),"",VLOOKUP(H25,#REF!,9,0)) | J25: Cancel Scrap Carrier | K25: Carrier | L25: 完成 | M25: 2022 | N25: 解除报废Carrier | O25: 杨金杰
A26: =B26&D26 -> 1 | B26: =IF(H26="","",1) | C26: =IF(I26="","",1) | D26: =IF(J26="","",1) -> 1 | G26: 23 | I26: =IF(ISERROR(VLOOKUP(H26,#REF!,9,0)),"",VLOOKUP(H26,#REF!,9,0)) | J26: Change Carrier Clean State | K26: Carrier | L26: 完成 | M26: 2022 | O26: 杨金杰
A27: =B27&D27 -> 1 | B27: =IF(H27="","",1) | C27: =IF(I27="","",1) | D27: =IF(J27="","",1) -> 1 | G27: 24 | I27: =IF(ISERROR(VLOOKUP(H27,#REF!,9,0)),"",VLOOKUP(H27,#REF!,9,0)) | J27: Carrier RFID Management | K27: Carrier | L27: 完成 | M27: 2022 | O27: 杨金杰
A28: =B28&D28 -> 11 | B28: =IF(H28="","",1) -> 1 | C28: =IF(I28="","",1) | D28: =IF(J28="","",1) -> 1 | G28: 25 | H28: Set Clean | I28: =IF(ISERROR(VLOOKUP(H28,#REF!,9,0)),"",VLOOKUP(H28,#REF!,9,0)) | J28: Set Clean | K28: Carrier | L28: 待确认 | M28: 2022 | O28: 杨金杰
A29: =B29&D29 -> 1 | B29: =IF(H29="","",1) -> 1 | C29: =IF(I29="","",1) | D29: =IF(J29="","",1) | G29: 26 | H29: Set Inspection | I29: =IF(ISERROR(VLOOKUP(H29,#REF!,9,0)),"",VLOOKUP(H29,#REF!,9,0)) | K29: Carrier | L29: 未推进 | M29: 2022 | O29: 杨金杰
A30: =B30&D30 -> 1 | B30: =IF(H30="","",1) -> 1 | C30: =IF(I30="","",1) | D30: =IF(J30="","",1) | G30: 27 | H30: Special Transfer Lot | I30: =IF(ISERROR(VLOOKUP(H30,#REF!,9,0)),"",VLOOKUP(H30,#REF!,9,0)) | K30: Carrier | L30: 未推进 | M30: 2022 | O30: 杨金杰
A31: =B31&D31 -> 11 | B31: =IF(H31="","",1) -> 1 | C31: =IF(I31="","",1) | D31: =IF(J31="","",1) -> 1 | G31: 28 | H31: Start/End Clean | I31: =IF(ISERROR(VLOOKUP(H31,#REF!,9,0)),"",VLOOKUP(H31,#REF!,9,0)) | J31: Start/End Clean | K31: Carrier | L31: 待确认 | M31: 2022 | O31: 杨金杰
A32: =B32&D32 -> 11 | B32: =IF(H32="","",1) -> 1 | C32: =IF(I32="","",1) | D32: =IF(J32="","",1) -> 1 | G32: 29 | H32: Transfer Lot | I32: =IF(ISERROR(VLOOKUP(H32,#REF!,9,0)),"",VLOOKUP(H32,#REF!,9,0)) | J32: Transfer Lot | K32: Carrier | L32: 完成 | M32: 2022 | N32: Lot Base 传到其他同类型Foup | O32: 杨金杰
A33: =B33&D33 -> 1 | B33: =IF(H33="","",1) -> 1 | C33: =IF(I33="","",1) | D33: =IF(J33="","",1) | G33: 30 | H33: Update Carrier Component | I33: =IF(ISERROR(VLOOKUP(H33,#REF!,9,0)),"",VLOOKUP(H33,#REF!,9,0)) | K33: Carrier | L33: 未推进 | M33: 2022 | O33: 杨金杰
A34: =B34&D34 -> 1 | B34: =IF(H34="","",1) | C34: =IF(I34="","",1) | D34: =IF(J34="","",1) -> 1 | G34: 31 | I34: =IF(ISERROR(VLOOKUP(H34,#REF!,9,0)),"",VLOOKUP(H34,#REF!,9,0)) | J34: View Carrier List | K34: Carrier | L34: 完成 | M34: 2022 | O34: 杨金杰
A35: =B35&D35 -> 1 | B35: =IF(H35="","",1) -> 1 | C35: =IF(I35="","",1) | D35: =IF(J35="","",1) | F35: View Carrier Info | G35: 32 | H35: View Carrier Cleaning History | I35: =IF(ISERROR(VLOOKUP(H35,#REF!,9,0)),"",VLOOKUP(H35,#REF!,9,0)) | K35: Carrier | L35: 未推进 | M35: 2022 | O35: 杨金杰
A36: =B36&D36 -> 1 | B36: =IF(H36="","",1) -> 1 | C36: =IF(I36="","",1) | D36: =IF(J36="","",1) | F36: View Carrier Info | G36: 33 | H36: View Carrier Cycle | I36: =IF(ISERROR(VLOOKUP(H36,#REF!,9,0)),"",VLOOKUP(H36,#REF!,9,0)) | K36: Carrier | L36: 未推进 | M36: 2022 | O36: 杨金杰
A37: =B37&D37 -> 11 | B37: =IF(H37="","",1) -> 1 | C37: =IF(I37="","",1) | D37: =IF(J37="","",1) -> 1 | F37: View Carrier Info | G37: 34 | H37: View Carrier History | I37: =IF(ISERROR(VLOOKUP(H37,#REF!,9,0)),"",VLOOKUP(H37,#REF!,9,0)) | J37: View Carrier History | K37: Carrier | L37: 完成 | M37: 2022 | N37: 查询Carrier的Detail 历史记录 | O37: 杨金杰
A38: =B38&D38 -> 11 | B38: =IF(H38="","",1) -> 1 | C38: =IF(I38="","",1) | D38: =IF(J38="","",1) -> 1 | F38: View Carrier Info | G38: 35 | H38: View Carrier Status | I38: =IF(ISERROR(VLOOKUP(H38,#REF!,9,0)),"",VLOOKUP(H38,#REF!,9,0)) | J38: View Carrier Status | K38: Carrier | L38: 完成 | M38: 2022 | N38: 查询Carrier 当前状态 | O38: 杨金杰
A39: =B39&D39 -> 1 | B39: =IF(H39="","",1) -> 1 | C39: =IF(I39="","",1) | D39: =IF(J39="","",1) | E39: Eqp Mgt | G39: 36 | H39: Buffer Tool Physical Foup Maintain | I39: =IF(ISERROR(VLOOKUP(H39,#REF!,9,0)),"",VLOOKUP(H39,#REF!,9,0)) | K39: Machine | L39: 未推进 | M39: 2022 | O39: 杨金杰
A40: =B40&D40 -> 1 | B40: =IF(H40="","",1) -> 1 | C40: =IF(I40="","",1) | D40: =IF(J40="","",1) | F40: One Key Touch | G40: 37 | H40: Control Action History | I40: =IF(ISERROR(VLOOKUP(H40,#REF!,9,0)),"",VLOOKUP(H40,#REF!,9,0)) | K40: Machine | L40: 未推进 | M40: 2022 | O40: 杨金杰
A41: =B41&D41 -> 1 | B41: =IF(H41="","",1) -> 1 | C41: =IF(I41="","",1) | D41: =IF(J41="","",1) | G41: 38 | H41: Customize EQP Information | I41: =IF(ISERROR(VLOOKUP(H41,#REF!,9,0)),"",VLOOKUP(H41,#REF!,9,0)) | K41: Machine | L41: 未推进 | M41: 2022 | O41: 杨金杰
A42: =B42&D42 -> 1 | B42: =IF(H42="","",1) -> 1 | C42: =IF(I42="","",1) | D42: =IF(J42="","",1) | G42: 39 | H42: Delete Chamber Current Lots | I42: =IF(ISERROR(VLOOKUP(H42,#REF!,9,0)),"",VLOOKUP(H42,#REF!,9,0)) | K42: Machine | L42: 未推进 | M42: 2022 | O42: 杨金杰
A43: =B43&D43 -> 11 | B43: =IF(H43="","",1) -> 1 | C43: =IF(I43="","",1) | D43: =IF(J43="","",1) -> 1 | G43: 40 | H43: Equipment AMA Mode Change | I43: =IF(ISERROR(VLOOKUP(H43,#REF!,9,0)),"",VLOOKUP(H43,#REF!,9,0)) | J43: Change Machine AMA Mode | K43: Machine | L43: 完成 | M43: 2022 | O43: 杨金杰
A44: =B44&D44 -> 1 | B44: =IF(H44="","",1) -> 1 | C44: =IF(I44="","",1) | D44: =IF(J44="","",1) | G44: 41 | H44: Equipment Couple Port | I44: =IF(ISERROR(VLOOKUP(H44,#REF!,9,0)),"",VLOOKUP(H44,#REF!,9,0)) | K44: Machine | L44: 未推进 | M44: 2022 | O44: 杨金杰
A45: =B45&D45 -> 1 | B45: =IF(H45="","",1) -> 1 | C45: =IF(I45="","",1) | D45: =IF(J45="","",1) | G45: 42 | H45: EQP Manual Process Configuration | I45: =IF(ISERROR(VLOOKUP(H45,#REF!,9,0)),"",VLOOKUP(H45,#REF!,9,0)) | K45: Machine | L45: 未推进 | M45: 2022 | O45: 杨金杰
A46: =B46&D46 -> 11 | B46: =IF(H46="","",1) -> 1 | C46: =IF(I46="","",1) | D46: =IF(J46="","",1) -> 1 | G46: 43 | H46: Equipment Port State Change | I46: =IF(ISERROR(VLOOKUP(H46,#REF!,9,0)),"",VLOOKUP(H46,#REF!,9,0)) | J46: Change Port State | K46: Machine | L46: 完成 | M46: 2022 | O46: 杨金杰
A47: =B47&D47 -> 11 | B47: =IF(H47="","",1) -> 1 | C47: =IF(I47="","",1) | D47: =IF(J47="","",1) -> 1 | G47: 44 | H47: Equipment Process History | I47: =IF(ISERROR(VLOOKUP(H47,#REF!,9,0)),"",VLOOKUP(H47,#REF!,9,0)) | J47: View Machine Process History | K47: Machine | L47: 完成 | M47: 2022 | O47: 杨金杰
A48: =B48&D48 -> 11 | B48: =IF(H48="","",1) -> 1 | C48: =IF(I48="","",1) | D48: =IF(J48="","",1) -> 1 | G48: 45 | H48: Equipment State Change | I48: =IF(ISERROR(VLOOKUP(H48,#REF!,9,0)),"",VLOOKUP(H48,#REF!,9,0)) | J48: Change Machine State | K48: Machine | L48: 完成 | M48: 2022 | N48: 更改Machine Up,Down等信息 及Outof Service等信息变更 | O48: 杨金杰
A49: =B49&D49 -> 1 | B49: =IF(H49="","",1) -> 1 | C49: =IF(I49="","",1) | D49: =IF(J49="","",1) | G49: 46 | H49: MFG Eqp Security Control Maintenance | I49: =IF(ISERROR(VLOOKUP(H49,#REF!,9,0)),"",VLOOKUP(H49,#REF!,9,0)) | K49: Machine | L49: 未推进 | M49: 2022 | O49: 杨金杰
A50: =B50&D50 -> 1 | B50: =IF(H50="","",1) -> 1 | C50: =IF(I50="","",1) | D50: =IF(J50="","",1) | G50: 47 | H50: Modify Equipment Attribute | I50: =IF(ISERROR(VLOOKUP(H50,#REF!,9,0)),"",VLOOKUP(H50,#REF!,9,0)) | K50: Machine | L50: 未推进 | M50: 2022 | O50: 杨金杰
A51: =B51&D51 -> 1 | B51: =IF(H51="","",1) -> 1 | C51: =IF(I51="","",1) | D51: =IF(J51="","",1) | G51: 48 | H51: Modify Eqp Chamber Run Count | I51: =IF(ISERROR(VLOOKUP(H51,#REF!,9,0)),"",VLOOKUP(H51,#REF!,9,0)) | K51: Machine | L51: 未推进 | M51: 2022 | O51: 杨金杰
A52: =B52&D52 -> 1 | B52: =IF(H52="","",1) -> 1 | C52: =IF(I52="","",1) | D52: =IF(J52="","",1) | G52: 49 | H52: Modify Equipment Current Lots | I52: =IF(ISERROR(VLOOKUP(H52,#REF!,9,0)),"",VLOOKUP(H52,#REF!,9,0)) | K52: Machine | L52: 未推进 | M52: 2022 | O52: 杨金杰
A53: =B53&D53 -> 1 | B53: =IF(H53="","",1) -> 1 | C53: =IF(I53="","",1) | D53: =IF(J53="","",1) | G53: 50 | H53: Set Equipment Capability | I53: =IF(ISERROR(VLOOKUP(H53,#REF!,9,0)),"",VLOOKUP(H53,#REF!,9,0)) | K53: Machine | L53: 未推进 | M53: 2022 | O53: 杨金杰
A54: =B54&D54 -> 1 | B54: =IF(H54="","",1) | C54: =IF(I54="","",1) | D54: =IF(J54="","",1) -> 1 | G54: 51 | I54: =IF(ISERROR(VLOOKUP(H54,#REF!,9,0)),"",VLOOKUP(H54,#REF!,9,0)) | J54: Change Machine Control Mode | K54: Machine | L54: 完成 | M54: 2022 | O54: 杨金杰
A55: =B55&D55 -> 1 | B55: =IF(H55="","",1) -> 1 | C55: =IF(I55="","",1) | D55: =IF(J55="","",1) | F55: One Key Touch | G55: 52 | H55: One Key Touch | I55: =IF(ISERROR(VLOOKUP(H55,#REF!,9,0)),"",VLOOKUP(H55,#REF!,9,0)) | K55: Machine | L55: 未推进 | M55: 2022 | O55: 杨金杰
A56: =B56&D56 -> 1 | B56: =IF(H56="","",1) -> 1 | C56: =IF(I56="","",1) | D56: =IF(J56="","",1) | F56: One Key Touch | G56: 53 | H56: One Key Touch Detail History | I56: =IF(ISERROR(VLOOKUP(H56,#REF!,9,0)),"",VLOOKUP(H56,#REF!,9,0)) | K56: Machine | L56: 未推进 | M56: 2022 | O56: 杨金杰
A57: =B57&D57 -> 11 | B57: =IF(H57="","",1) -> 1 | C57: =IF(I57="","",1) | D57: =IF(J57="","",1) -> 1 | G57: 54 | H57: Equipment Port Access Mode Change | I57: =IF(ISERROR(VLOOKUP(H57,#REF!,9,0)),"",VLOOKUP(H57,#REF!,9,0)) | J57: Change Port Access Mode | K57: Machine | L57: 完成 | M57: 2022 | O57: 杨金杰
A58: =B58&D58 -> 1 | B58: =IF(H58="","",1) -> 1 | C58: =IF(I58="","",1) | D58: =IF(J58="","",1) | F58: One Key Touch | G58: 55 | H58: Power Source Setup | I58: =IF(ISERROR(VLOOKUP(H58,#REF!,9,0)),"",VLOOKUP(H58,#REF!,9,0)) | K58: Machine | L58: 未推进 | M58: 2022 | O58: 杨金杰
A59: =B59&D59 -> 1 | B59: =IF(H59="","",1) -> 1 | C59: =IF(I59="","",1) | D59: =IF(J59="","",1) | F59: One Key Touch | G59: 56 | H59: Power Source Setup History | I59: =IF(ISERROR(VLOOKUP(H59,#REF!,9,0)),"",VLOOKUP(H59,#REF!,9,0)) | K59: Machine | L59: 未推进 | M59: 2022 | O59: 杨金杰
A60: =B60&D60 -> 1 | B60: =IF(H60="","",1) -> 1 | C60: =IF(I60="","",1) | D60: =IF(J60="","",1) | G60: 57 | H60: Reticle Equipment Process History | I60: =IF(ISERROR(VLOOKUP(H60,#REF!,9,0)),"",VLOOKUP(H60,#REF!,9,0)) | K60: Machine | L60: 未推进 | M60: 2022 | O60: 杨金杰
A61: =B61&D61 -> 1 | B61: =IF(H61="","",1) -> 1 | C61: =IF(I61="","",1) | D61: =IF(J61="","",1) | G61: 58 | H61: Set Chamber Capability | I61: =IF(ISERROR(VLOOKUP(H61,#REF!,9,0)),"",VLOOKUP(H61,#REF!,9,0)) | K61: Machine | L61: 未推进 | M61: 2022 | O61: 杨金杰
A62: =B62&D62 -> 1 | B62: =IF(H62="","",1) -> 1 | C62: =IF(I62="","",1) | D62: =IF(J62="","",1) | F62: Tank Control | G62: 59 | H62: Tank Count Info | I62: =IF(ISERROR(VLOOKUP(H62,#REF!,9,0)),"",VLOOKUP(H62,#REF!,9,0)) | K62: Machine | L62: 未推进 | M62: 2023 1Q | O62: 杨金杰
A63: =B63&D63 -> 1 | B63: =IF(H63="","",1) -> 1 | C63: =IF(I63="","",1) | D63: =IF(J63="","",1) | F63: Tank Control | G63: 60 | H63: Tank OOS History | I63: =IF(ISERROR(VLOOKUP(H63,#REF!,9,0)),"",VLOOKUP(H63,#REF!,9,0)) | K63: Machine | L63: 未推进 | M63: 2023 1Q | O63: 杨金杰
A64: =B64&D64 -> 1 | B64: =IF(H64="","",1) -> 1 | C64: =IF(I64="","",1) | D64: =IF(J64="","",1) | F64: Tank Control | G64: 61 | H64: Tank Running History | I64: =IF(ISERROR(VLOOKUP(H64,#REF!,9,0)),"",VLOOKUP(H64,#REF!,9,0)) | K64: Machine | L64: 未推进 | M64: 2023 1Q | O64: 杨金杰
A65: =B65&D65 -> 1 | B65: =IF(H65="","",1) -> 1 | C65: =IF(I65="","",1) | D65: =IF(J65="","",1) | G65: 62 | H65: Tool Recovery Control System | I65: =IF(ISERROR(VLOOKUP(H65,#REF!,9,0)),"",VLOOKUP(H65,#REF!,9,0)) | K65: Machine | L65: 未推进 | M65: 2022 | O65: 杨金杰
A66: =B66&D66 -> 1 | B66: =IF(H66="","",1) -> 1 | C66: =IF(I66="","",1) | D66: =IF(J66="","",1) | G66: 63 | H66: Tool Recovery Package Setup | I66: =IF(ISERROR(VLOOKUP(H66,#REF!,9,0)),"",VLOOKUP(H66,#REF!,9,0)) | K66: Machine | L66: 未推进 | M66: 2022 | O66: 杨金杰
A67: =B67&D67 -> 11 | B67: =IF(H67="","",1) -> 1 | C67: =IF(I67="","",1) | D67: =IF(J67="","",1) -> 1 | G67: 64 | H67: View Equipment Auto Mode | I67: =IF(ISERROR(VLOOKUP(H67,#REF!,9,0)),"",VLOOKUP(H67,#REF!,9,0)) | J67: View Machine Auto Mode | K67: Machine | L67: 完成 | M67: 2022 | O67: 杨金杰
A68: =B68&D68 -> 11 | B68: =IF(H68="","",1) -> 1 | C68: =IF(I68="","",1) | D68: =IF(J68="","",1) -> 1 | G68: 65 | H68: Equipment History | I68: =IF(ISERROR(VLOOKUP(H68,#REF!,9,0)),"",VLOOKUP(H68,#REF!,9,0)) | J68: View Machine History | K68: Machine | L68: 完成 | M68: 2022 | N68: 查询Machine 的Detail 历史记录 | O68: 杨金杰
A69: =B69&D69 -> 11 | B69: =IF(H69="","",1) -> 1 | C69: =IF(I69="","",1) | D69: =IF(J69="","",1) -> 1 | G69: 66 | H69: View Equipment Status | I69: =IF(ISERROR(VLOOKUP(H69,#REF!,9,0)),"",VLOOKUP(H69,#REF!,9,0)) | J69: View Machine Status | K69: Machine | L69: 完成 | M69: 2022 | N69: 查询 Machine 的当前状态 | O69: 杨金杰
A70: =B70&D70 -> 1 | B70: =IF(H70="","",1) -> 1 | C70: =IF(I70="","",1) | D70: =IF(J70="","",1) | F70: Tank Control | G70: 67 | H70: Wet Tank Control | I70: =IF(ISERROR(VLOOKUP(H70,#REF!,9,0)),"",VLOOKUP(H70,#REF!,9,0)) | K70: Machine | L70: 未推进 | M70: 2023 1Q | O70: 杨金杰
A71: =B71&D71 -> 1 | B71: =IF(H71="","",1) -> 1 | C71: =IF(I71="","",1) | D71: =IF(J71="","",1) | F71: PMS | G71: 68 | H71: Arrange PM | I71: =IF(ISERROR(VLOOKUP(H71,#REF!,9,0)),"",VLOOKUP(H71,#REF!,9,0)) | K71: Machine | L71: 未推进 | M71: 2023 1Q | O71: 杨金杰
A72: =B72&D72 -> 1 | B72: =IF(H72="","",1) -> 1 | C72: =IF(I72="","",1) | D72: =IF(J72="","",1) | F72: PMS | G72: 69 | H72: Conditional PM | I72: =IF(ISERROR(VLOOKUP(H72,#REF!,9,0)),"",VLOOKUP(H72,#REF!,9,0)) | K72: Machine | L72: 未推进 | M72: 2023 1Q | O72: 杨金杰
A73: =B73&D73 -> 1 | B73: =IF(H73="","",1) -> 1 | C73: =IF(I73="","",1) | D73: =IF(J73="","",1) | F73: PMS | G73: 70 | H73: Trigger Readings | I73: =IF(ISERROR(VLOOKUP(H73,#REF!,9,0)),"",VLOOKUP(H73,#REF!,9,0)) | K73: Machine | L73: 未推进 | M73: 2023 1Q | O73: 杨金杰
A74: =B74&D74 -> 1 | B74: =IF(H74="","",1) -> 1 | C74: =IF(I74="","",1) | D74: =IF(J74="","",1) | F74: PMS | G74: 71 | H74: Usage Meter | I74: =IF(ISERROR(VLOOKUP(H74,#REF!,9,0)),"",VLOOKUP(H74,#REF!,9,0)) | K74: Machine | L74: 未推进 | M74: 2023 1Q | O74: 杨金杰
A75: =B75&D75 -> 1 | B75: =IF(H75="","",1) | C75: =IF(I75="","",1) | D75: =IF(J75="","",1) -> 1 | G75: 72 | I75: =IF(ISERROR(VLOOKUP(H75,#REF!,9,0)),"",VLOOKUP(H75,#REF!,9,0)) | J75: View Current Alarm | K75: Machine | L75: 完成 | M75: 2022 | N75: 根据Lot、Machine、时间等查询Alarm信息 | O75: 杨金杰
A76: =B76&D76 -> 1 | B76: =IF(H76="","",1) | C76: =IF(I76="","",1) | D76: =IF(J76="","",1) -> 1 | G76: 73 | I76: =IF(ISERROR(VLOOKUP(H76,#REF!,9,0)),"",VLOOKUP(H76,#REF!,9,0)) | J76: AlarmRun | K76: Machine | L76: 完成 | M76: 2022 | O76: 杨金杰
A77: =B77&D77 -> 1 | B77: =IF(H77="","",1) | C77: =IF(I77="","",1) | D77: =IF(J77="","",1) -> 1 | G77: 74 | I77: =IF(ISERROR(VLOOKUP(H77,#REF!,9,0)),"",VLOOKUP(H77,#REF!,9,0)) | J77: View Machine Info | K77: Machine | L77: 完成 | M77: 2022 | O77: 杨金杰
A78: =B78&D78 -> 1 | B78: =IF(H78="","",1) -> 1 | C78: =IF(I78="","",1) | D78: =IF(J78="","",1) | F78: Tank Control | G78: 75 | H78: Tank Count Info | I78: =IF(ISERROR(VLOOKUP(H78,#REF!,9,0)),"",VLOOKUP(H78,#REF!,9,0)) | K78: Machine | L78: 未推进 | M78: 2023 1Q | O78: 杨金杰
A79: =B79&D79 -> 1 | B79: =IF(H79="","",1) -> 1 | C79: =IF(I79="","",1) | D79: =IF(J79="","",1) | F79: Tank Control | G79: 76 | H79: Tank Running History | I79: =IF(ISERROR(VLOOKUP(H79,#REF!,9,0)),"",VLOOKUP(H79,#REF!,9,0)) | K79: Machine | L79: 未推进 | M79: 2023 1Q | O79: 杨金杰
A80: =B80&D80 -> 11 | B80: =IF(H80="","",1) -> 1 | C80: =IF(I80="","",1) | D80: =IF(J80="","",1) -> 1 | E80: Lot Customization | G80: 77 | H80: Modify Lot Contamination Level | I80: =IF(ISERROR(VLOOKUP(H80,#REF!,9,0)),"",VLOOKUP(H80,#REF!,9,0)) | J80: Modify Lot Contamination Level | K80: Lot | L80: 完成 | M80: 2022 | N80: 修改lot污染等级 | O80: 罗涛
A81: =B81&D81 -> 11 | B81: =IF(H81="","",1) -> 1 | C81: =IF(I81="","",1) | D81: =IF(J81="","",1) -> 1 | G81: 78 | H81: Add Steps | I81: =IF(ISERROR(VLOOKUP(H81,#REF!,9,0)),"",VLOOKUP(H81,#REF!,9,0)) | J81: Add Steps | K81: Lot | L81: 完成 | M81: 2022 | N81: Add Steps | O81: 罗涛
A82: =B82&D82 -> 11 | B82: =IF(H82="","",1) -> 1 | C82: =IF(I82="","",1) | D82: =IF(J82="","",1) -> 1 | G82: 79 | H82: Batch Modify Lot Attribute | I82: =IF(ISERROR(VLOOKUP(H82,#REF!,9,0)),"",VLOOKUP(H82,#REF!,9,0)) | J82: Batch Modify Lot Attribute | K82: Lot | L82: 完成 | M82: 2022 | N82: 批量修改lot属性 | O82: 罗涛
A83: =B83&D83 -> 1 | B83: =IF(H83="","",1) -> 1 | C83: =IF(I83="","",1) | D83: =IF(J83="","",1) | F83: Reassign | G83: 80 | H83: Change Sales Order | I83: =IF(ISERROR(VLOOKUP(H83,#REF!,9,0)),"",VLOOKUP(H83,#REF!,9,0)) | K83: Lot | L83: 待确认 | M83: 2022 | O83: 罗涛
A84: =B84&D84 -> 1 | B84: =IF(H84="","",1) -> 1 | C84: =IF(I84="","",1) | D84: =IF(J84="","",1) | F84: FeedForward Attribute | G84: 81 | H84: Copy FeedForward Information | I84: =IF(ISERROR(VLOOKUP(H84,#REF!,9,0)),"",VLOOKUP(H84,#REF!,9,0)) | K84: Lot | L84: 未推进 | M84: 2022 | O84: 罗涛
A85: =B85&D85 -> 1 | B85: =IF(H85="","",1) -> 1 | C85: =IF(I85="","",1) | D85: =IF(J85="","",1) | F85: FeedForward Attribute | G85: 82 | H85: Delete FeedForward Information | I85: =IF(ISERROR(VLOOKUP(H85,#REF!,9,0)),"",VLOOKUP(H85,#REF!,9,0)) | K85: Lot | L85: 未推进 | M85: 2022 | O85: 罗涛
A86: =B86&D86 -> 11 | B86: =IF(H86="","",1) -> 1 | C86: =IF(I86="","",1) | D86: =IF(J86="","",1) -> 1 | G86: 83 | H86: Modify Lot Attribute For MFG | I86: =IF(ISERROR(VLOOKUP(H86,#REF!,9,0)),"",VLOOKUP(H86,#REF!,9,0)) | J86: Modify Lot Attribute For MFG | K86: Lot | L86: 完成 | M86: 2022 | N86: 修改lot属性for MFG | O86: 罗涛
A87: =B87&D87 -> 11 | B87: =IF(H87="","",1) -> 1 | C87: =IF(I87="","",1) | D87: =IF(J87="","",1) -> 1 | G87: 84 | H87: Modify Lot Attribute For QC | I87: =IF(ISERROR(VLOOKUP(H87,#REF!,9,0)),"",VLOOKUP(H87,#REF!,9,0)) | J87: Modify Lot Attribute For QC | K87: Lot | L87: 完成 | M87: 2022 | N87: 修改lot属性for QC | O87: 罗涛
A88: =B88&D88 -> 1 | B88: =IF(H88="","",1) -> 1 | C88: =IF(I88="","",1) | D88: =IF(J88="","",1) | G88: 85 | H88: Modify Lot Attribute For QE | I88: =IF(ISERROR(VLOOKUP(H88,#REF!,9,0)),"",VLOOKUP(H88,#REF!,9,0)) | K88: Lot | L88: 未推进 | M88: 2022 | O88: 罗涛
A89: =B89&D89 -> 1 | B89: =IF(H89="","",1) -> 1 | C89: =IF(I89="","",1) | D89: =IF(J89="","",1) | G89: 86 | H89: Lot Specialization | I89: =IF(ISERROR(VLOOKUP(H89,#REF!,9,0)),"",VLOOKUP(H89,#REF!,9,0)) | K89: Lot | L89: 未推进 | M89: 2022 | O89: 罗涛
A90: =B90&D90 -> 1 | B90: =IF(H90="","",1) -> 1 | C90: =IF(I90="","",1) | D90: =IF(J90="","",1) | F90: FeedForward Attribute | G90: 87 | H90: Modify FeedForward Information | I90: =IF(ISERROR(VLOOKUP(H90,#REF!,9,0)),"",VLOOKUP(H90,#REF!,9,0)) | K90: Lot | L90: 未推进 | M90: 2022 | O90: 罗涛
A91: =B91&D91 -> 11 | B91: =IF(H91="","",1) -> 1 | C91: =IF(I91="","",1) | D91: =IF(J91="","",1) -> 1 | G91: 88 | H91: Modify Lot Attribute | I91: =IF(ISERROR(VLOOKUP(H91,#REF!,9,0)),"",VLOOKUP(H91,#REF!,9,0)) | J91: Modify Lot Attribute | K91: Lot | L91: 完成 | M91: 2022 | N91: 修改lot属性 | O91: 罗涛
A92: =B92&D92 -> 11 | B92: =IF(H92="","",1) -> 1 | C92: =IF(I92="","",1) | D92: =IF(J92="","",1) -> 1 | F92: Reassign | G92: 89 | H92: Plan Reassign | I92: =IF(ISERROR(VLOOKUP(H92,#REF!,9,0)),"",VLOOKUP(H92,#REF!,9,0)) | J92: Future Reassign | K92: Lot | L92: 完成 | M92: 2022 | O92: 罗涛
A93: =B93&D93 -> 1 | B93: =IF(H93="","",1) -> 1 | C93: =IF(I93="","",1) | D93: =IF(J93="","",1) | G93: 90 | H93: Modify Potential Attribute | I93: =IF(ISERROR(VLOOKUP(H93,#REF!,9,0)),"",VLOOKUP(H93,#REF!,9,0)) | K93: Lot | L93: 未推进 | M93: 2022 | O93: 罗涛
A94: =B94&D94 -> 11 | B94: =IF(H94="","",1) -> 1 | C94: =IF(I94="","",1) | D94: =IF(J94="","",1) -> 1 | F94: Reassign | G94: 91 | H94: Reassign Lot | I94: =IF(ISERROR(VLOOKUP(H94,#REF!,9,0)),"",VLOOKUP(H94,#REF!,9,0)) | J94: Reassign Lot | K94: Lot | L94: 完成 | M94: 2022 | N94: Reassign Lot to New Product Flow | O94: 罗涛
A95: =B95&D95 -> 11 | B95: =IF(H95="","",1) -> 1 | C95: =IF(I95="","",1) | D95: =IF(J95="","",1) -> 1 | F95: Reassign | G95: 92 | H95: Reassign Lot For Monitor | I95: =IF(ISERROR(VLOOKUP(H95,#REF!,9,0)),"",VLOOKUP(H95,#REF!,9,0)) | J95: Reassign Lot For NPW | K95: Lot | L95: 完成 | M95: 2022 | O95: 罗涛
A96: =B96&D96 -> 1 | B96: =IF(H96="","",1) -> 1 | C96: =IF(I96="","",1) | D96: =IF(J96="","",1) | G96: 93 | H96: Maintain RMS Flag | I96: =IF(ISERROR(VLOOKUP(H96,#REF!,9,0)),"",VLOOKUP(H96,#REF!,9,0)) | K96: Lot | L96: 未推进 | M96: 2022 | O96: 罗涛
A97: =B97&D97 -> 1 | B97: =IF(H97="","",1) -> 1 | C97: =IF(I97="","",1) | D97: =IF(J97="","",1) | G97: 94 | H97: Set Stepper | I97: =IF(ISERROR(VLOOKUP(H97,#REF!,9,0)),"",VLOOKUP(H97,#REF!,9,0)) | K97: Lot | L97: 未推进 | M97: 2022 | O97: 罗涛
A98: =B98&D98 -> 1 | B98: =IF(H98="","",1) -> 1 | C98: =IF(I98="","",1) | D98: =IF(J98="","",1) | G98: 95 | H98: Undo Finish | I98: =IF(ISERROR(VLOOKUP(H98,#REF!,9,0)),"",VLOOKUP(H98,#REF!,9,0)) | K98: Lot | L98: 未推进 | M98: 2022 | O98: 罗涛
A99: =B99&D99 -> 1 | B99: =IF(H99="","",1) -> 1 | C99: =IF(I99="","",1) | D99: =IF(J99="","",1) | G99: 96 | H99: Choose Alter Step | I99: =IF(ISERROR(VLOOKUP(H99,#REF!,9,0)),"",VLOOKUP(H99,#REF!,9,0)) | K99: Lot | L99: 未推进 | M99: 2022 | O99: 罗涛
A100: =B100&D100 -> 11 | B100: =IF(H100="","",1) -> 1 | C100: =IF(I100="","",1) | D100: =IF(J100="","",1) -> 1 | E100: Lot Mgt | G100: 97 | H100: View Hold Lot | I100: =IF(ISERROR(VLOOKUP(H100,#REF!,9,0)),"",VLOOKUP(H100,#REF!,9,0)) | J100: View Hold Lot Info | K100: Lot | L100: 完成 | M100: 2022 | O100: 罗涛
A101: =B101&D101 -> 11 | B101: =IF(H101="","",1) -> 1 | C101: =IF(I101="","",1) | D101: =IF(J101="","",1) -> 1 | F101: Hold | G101: 98 | H101: Batch Hold | I101: =IF(ISERROR(VLOOKUP(H101,#REF!,9,0)),"",VLOOKUP(H101,#REF!,9,0)) | J101: Batch Hold | K101: Lot | L101: 完成 | M101: 2022 | N101: 根据 PFO,Capability, Stage 等条件查询 Lot List, 批量锁定 | O101: 罗涛
...

Sheet cvMES
A1: 一级名字 | B1: 二级名字 | C1: 三级名字
A2: WIP | B2: Plan | C2: Product Order
A3: WIP | B3: Plan | C3: Work Order
A4: WIP | B4: Plan | C4: View PO/WO History
A5: WIP | B5: Plan | C5: Create Lot
A6: WIP | B6: Plan | C6: Create NPW Lot
A7: WIP | B7: Plan | C7: Create Engineer Lot
A8: WIP | B8: Plan | C8: View Create Lot List
A9: WIP | B9: Source Lot | C9: View Transaction Raw Wafer List
A10: WIP | B10: Source Lot | C10: View Raw Wafer List
A11: WIP | B11: Source Lot | C11: FOSB Generate
A12: WIP | B12: Source Lot | C12: Create Source Vendor Lot
... A232: Inquiry | B232: NPW | C232: View Furnace Batch History

Sheet raw
A1: 序号 | B1: 一级模块 | C1: 二级模块 | D1: 三级模块(Function Name) | E1: UI | F1: Access String Full Name
A2: 1 | B2: Main | C2: Main | D2: Main WIP | E2: #N/A | F2: Update Recipe:弹出Update Recipe框
A3: 15 | D3: PHOTO WIP | E3: #N/A | F3: Search：通过条件查询ProcessOperationList数据
A4: 16 | E4: #N/A | F4: Scanner Queue Add:新增Scanner Q
A5: 17 | E5: #N/A | F5: Scanner Queue Delete:删除Scanner Q
A6: 18 | E6: #N/A | F6: check：移动后保存RunLotList的Lot顺序
A7: 19 | E7: #N/A | F7: Pause Add:阻止Scanner Q生成
A8: 20 | E8: #N/A | F8: Pause Delete:删除阻止Scanner Q生成
A9: 21 | E9: #N/A | F9: Track Recipe:选择TrackRecipe
A10: 22 | E10: #N/A | F10: Scanner Recipe:选择ScannerRecipe
A11: 28 | D11: Sorter WIP | E11: #N/A
A12: 45 | D12: WIP UI(Lot View) | E12: #N/A
A13: 55 | B13: WIP | C13: Plan | D13: Product Order | E13: #N/A | F13: Create:创建Product Order
A14: 56 | E14: #N/A | F14: Remove:删除Product Order
A15: 57 | E15: #N/A | F15: Modify :修改Produt Order
A16: 58 | D16: Work Order | E16: #N/A | F16: Create:创建Work Order
A17: 59 | E17: #N/A | F17: Remove:删除Work Order
A18: 60 | E18: #N/A | F18: Modify :修改Work Order
A19: 61 | D19: View PO/WO History | E19: View PO/WO History | F19: History：查看History
A20: 62 | D20: Create Lot | E20: Create Lot | F20: Confirm：确认生成Lot Name
A21: 63 | D21: Create NPW Lot | E21: Create NPW Lot | F21: Confirm：确认生成Lot Name
A22: 64 | D22: Create Engineer Lot | E22: Create Engineer Lot | F22: Confirm：确认生成Lot Name
A23: 65 | D23: View Create Lot List | E23: View Create Lot List | F23: Modify：对Lot 的Plan Data 编辑进行保存
A24: 66 | E24: #N/A | F24: Cancel：删除已生成的Lot Name
A25: 67 | E25: #N/A | F25: Release : 针对qty<create qty的lot强制Release
A26: 68 | C26: Source Lot | D26: View Transaction Raw Wafer List | E26: View Transaction Raw Wafer List | F26: Confirm：接收Raw Wafer
A27: 69 | D27: View Raw Wafer List | E27: View Raw Wafer List | F27: History：查看History
A28: 70 | D28: Create Source Vendor Lot | E28: Create Source Vendor Lot | F28: Confirm：生成Source Vendor Lot
A29: 71 | D29: View Source Vendor Lot List | E29: #N/A | F29: Search
A30: 72 | C30: Wafer Start | D30: Start Lot | E30: Start Lot | F30: Confirm：manual start lot
A31: 73 | D31: Start Lot(PDA) | E31: #N/A | F31: Confirm：使用PDA start lot
A32: 74 | D32: Insert T7 Code | E32: Insert T7 Code | F32: Confirm：对T7 Code 进行手动编辑
A33: 75 | D33: Start Lot (Auto) | E33: #N/A | F33: Confirm：Auto start lot
A34: 76 | D34: Wafer Start Reserve | E34: Wafer Start Reserve | F34: Confirm：fast track in
A35: 77 | D35: Zero Layer Wafer Start | E35: #N/A | F35: Confirm
A36: 78 | D36: View Start Lot | E36: View Start Lot | F36: Cancel Reserve：取消Sorter 操作
A37: 79 | E37: #N/A | F37: Manual Track Out
A38: 80 | D38: Skip Started Lot | E38: Skip Started Lot | F38: Skip：从虚拟栈点skip 到实际第一栈
A39: 81 | D39: Input Plan Report | E39: #N/A
A40: 82 | C40: Tracking | D40: Prepare Lot | E40: Prepare Lot | F40: WaferSelect:量测lot选择wafer
A41: 83 | E41: #N/A | F41: Confirm：提交页面数据，执行JobPrepare操作
A42: 84 | D42: Cancel Prepared Lot | E42: Cancel Prepared Lot | F42: Confirm：提交页面数据，执行CancelJobPrepare操作
A43: 85 | D43: Track In | E43: Track In | F43: Confirm：提交页面数据，执行TrackIn操作
A44: 86 | D44: Cancel TrackIn | E44: #N/A | F44: Confirm：提交页面数据，执行CancelTrackIn操作
A45: 87 | D45: Track Out | E45: Track Out | F45: Search：查看Lot/同Batch Lot的信息
A46: 88 | E46: #N/A | F46: Reset：清空查询框的数据
A47: 89 | E47: #N/A | F47: Confirm：提交页面数据，执行TrackOut操作
A48: 90 | D48: Sorter Prepare Lot | E48: #N/A | F48: Confirm：提交页面数据，执行JobPrepare操作
A49: 91 | D49: Sorter Cancel Prepared Lot | E49: #N/A | F49: Confirm：提交页面数据，执行CancelJobPrepare
A50: 92 | D50: Sorter Track In | E50: Sorter Track In | F50: Confirm：提交页面数据，执行TrackIn操作
A51: 93 | D51: Sorter Cancel TrackIn | E51: #N/A | F51: Confirm：提交页面数据，执行CancelTrackIn操作
A52: 94 | D52: Sorter Track Out | E52: Sorter Track Out | F52: Confirm：提交页面数据，执行TrackOut操作
A53: 95 | D53: Cancel Sorter Job | E53: #N/A | F53: Confirm：提交页面数据，执行CancelSorterjob操作
A54: 96 | D54: Reserve Machine in Current Step | E54: Reserve Machine In Current Step | F54: Confirm：提交页面数据，执行设备预约操作
A55: 97 | D55: Cancel Reserve Machine in Current Step | E55: Cancel Reserve Machine In Current Step | F55: Confirm：提交页面数据，执行取消设备预约操作
A56: 98 | D56: Multi Prepare Lot | E56: #N/A
A57: 99 | C57: Batch | D57: Create Batch | E57: Create Batch | F57: Confirm：提交页面数据，执行CreateBatch操作
A58: 100 | D58: Cancel Create Batch | E58: Cancel Create Batch | F58: Confirm：提交页面数据，执行CancelCreateBatch操作
A59: 101 | D59: Set Furnace batch boat information | E59: #N/A
A60: 102 | C60: Machine Recipe Control | D60: Machine Recipe Hold/Realase | E60: #N/A
A61: 103 | D61: Machine Recipe Event History | E61: #N/A
A62: 104 | D62: Release PPID Constraint | E62: #N/A
A63: 105 | D63: Release PPID Constraint History | E63: #N/A
A64: 106 | D64: Machine Recipe Resolution History | E64: #N/A
A65: 107 | D65: R2R Modeling Configuration | E65: #N/A
A66: 108 | C66: Data Collection | D66: LOT DC UI | E66: #N/A | F66: 数据提交Comfirm、OOS 信息 确认按钮
A67: 109 | D67: Non Lot DC | E67: #N/A | F67: 数据提交Comfirm、OOS 信息确认按钮
A68: 110 | D68: Adhoc DC | E68: #N/A | F68: 数据提交Comfirm、OOS 信息确认按钮
A69: 111 | D69: Reticle DC | E69: #N/A
A70: 112 | D70: Carrier DC | E70: #N/A
A71: 113 | C71: ETC | D71: InLine Data BoatSlot | E71: #N/A
A72: 114 | D72: VIEW FOUP-Lot Reservation | E72: #N/A
A73: 115 | C73: Run Card | D73: Create Split Run Card | E73: #N/A | F73: Save Draft
A74: 116 | E74: #N/A | F74: Confirm
A75: 117 | E75: #N/A | F75: Copy
A76: 118 | D76: Start Run Card | E76: #N/A
A77: 119 | D77: Change Lot Process State | E77: #N/A
A78: 120 | D78: View Run Card State | E78: #N/A | F78: Confirm: 变更Run Card State
A79: 121 | D79: Change Run Card State | E79: #N/A
A80: 122 | D80: Create Recover Run Card | E80: #N/A | F80: Save Draft: 保存草稿
A81: 123 | E81: #N/A | F81: Confirm: 提交申请
A82: 124 | B82: Lot | C82: Hold Lot | D82: Hold Lot | E82: Hold Lot | F82: Confirm：对Lot 进行Hold
A83: 125 | D83: Batch Hold | E83: Batch Hold | F83: Confirm：对批量Lot 进行Hold
A84: 126 | D84: Release Lot | E84: Release Lot | F84: Confirm：对Lot 进行Release
A85: 127 | D85: Batch Release | E85: Batch Release | F85: Confirm：对批量Lot 进行Release
A86: 128 | D86: Edit Hold | E86: Edit Hold | F86: Confirm：对已Hold Lot 信息进行编辑
A87: 129 | D87: PHOTO Reject Action | E87: #N/A
A88: 130 | D88: CUST. Hold Rule | E88: #N/A
A89: 131 | D89: Release Action | E89: #N/A | F89: Confirm：Release+ Rework..等合并操作
A90: 132 | C90: Rework | D90: Rework | E90: Rework | F90: Confirm：lot Rework
A91: 133 | D91: Cancel Rework | E91: Cancel Rework | F91: Confirm：cancel Rework
A92: 134 | D92: Split-Rework | E92: #N/A | F92: Confirm：Split-Rework
A93: 135 | C93: Sorter | D93: Split Lot | E93: Split Lot | F93: Confirm：Spilt
A94: 136 | D94: Merge Lot | E94: Merge Lot | F94: Confirm：Merge
A95: 137 | D95: Inline Split For Special Lot | E95: #N/A
A96: 138 | D96: Transfer Lot | E96: #N/A | F96: Confirm：更换同类型盒子
A97: 139 | D97: Exchange Carrier | E97: Exchange Carrier | F97: Confirm：更不同类型盒子
A98: 140 | D98: Change Slot Map Info | E98: Change Slot Map Info | F98: Confirm：更换slot 顺序
A99: 141 | D99: Wafer Rotate | E99: Wafer Rotate | F99: Confirm：转角
A100: 142 | D100: Wafer Verfication | E100: #N/A | F100: Confirm：读片
...
